site_id,species,series_id,n_years,lat,lon
S1,Pinus ponderosa,PP_01,412,45.1,-112.4
S1,Pinus ponderosa,PP_02,380,45.1,-112.4
S2,Picea abies,PA_01,265,60.0,10.5
S2,Picea abies,PA_02,301,60.0,10.5
S3,Quercus robur,QR_01,198,52.5,13.4
S3,Quercus robur,QR_02,176,52.5,13.4
S4,Betula pendula,BP_01,142,59.3,24.7
S5,Pinus sylvestris,PS_01,361,57.0,25.0
S6,Abies alba,AA_01,244,46.5,11.3
S7,Larix decidua,LD_01,318,47.2,9.8
S8,Quercus petraea,QP_01,205,50.1,8.7
S9,Larix decidua,LADE_001,313,48.295,9.458
S9,Larix decidua,LADE_002,292,48.295,9.458
S9,Larix decidua,LADE_003,313,48.295,9.458
S9,Larix decidua,LADE_004,266,48.295,9.458
S9,Larix decidua,LADE_005,343,48.295,9.458
S9,Larix decidua,LADE_006,297,48.295,9.458
S9,Larix decidua,LADE_007,302,48.295,9.458
S9,Larix decidua,LADE_008,266,48.295,9.458
S9,Larix decidua,LADE_009,304,48.295,9.458
S9,Larix decidua,LADE_010,309,48.295,9.458
S9,Larix decidua,LADE_011,254,48.295,9.458
S9,Larix decidua,LADE_012,240,48.295,9.458
S9,Larix decidua,LADE_013,298,48.295,9.458
S9,Larix decidua,LADE_014,275,48.295,9.458
S9,Larix decidua,LADE_015,297,48.295,9.458
S9,Larix decidua,LADE_016,251,48.295,9.458
S9,Larix decidua,LADE_017,243,48.295,9.458
S9,Larix decidua,LADE_018,296,48.295,9.458
S9,Larix decidua,LADE_019,279,48.295,9.458
S10,Sequoia sempervirens,SESE_001,474,37.998,-124.67
S10,Sequoia sempervirens,SESE_002,649,37.998,-124.67
S10,Sequoia sempervirens,SESE_003,773,37.998,-124.67
S10,Sequoia sempervirens,SESE_004,656,37.998,-124.67
S10,Sequoia sempervirens,SESE_005,578,37.998,-124.67
S10,Sequoia sempervirens,SESE_006,776,37.998,-124.67
S10,Sequoia sempervirens,SESE_007,694,37.998,-124.67
S10,Sequoia sempervirens,SESE_008,563,37.998,-124.67
S10,Sequoia sempervirens,SESE_009,634,37.998,-124.67
S10,Sequoia sempervirens,SESE_010,577,37.998,-124.67
S10,Sequoia sempervirens,SESE_011,534,37.998,-124.67
S10,Sequoia sempervirens,SESE_012,727,37.998,-124.67
S10,Sequoia sempervirens,SESE_013,809,37.998,-124.67
S10,Sequoia sempervirens,SESE_014,533,37.998,-124.67
S11,Quercus robur,QURO_001,215,45.09,3.563
S11,Quercus robur,QURO_002,193,45.09,3.563
S11,Quercus robur,QURO_003,181,45.09,3.563
S11,Quercus robur,QURO_004,226,45.09,3.563
S11,Quercus robur,QURO_005,204,45.09,3.563
S11,Quercus robur,QURO_006,208,45.09,3.563
S11,Quercus robur,QURO_007,221,45.09,3.563
S11,Quercus robur,QURO_008,204,45.09,3.563
S11,Quercus robur,QURO_009,213,45.09,3.563
S11,Quercus robur,QURO_010,219,45.09,3.563
S12,Quercus ilex,QUIL_001,167,41.182,-3.226
S12,Quercus ilex,QUIL_002,187,41.182,-3.226
S12,Quercus ilex,QUIL_003,181,41.182,-3.226
S12,Quercus ilex,QUIL_004,172,41.182,-3.226
S12,Quercus ilex,QUIL_005,149,41.182,-3.226
S12,Quercus ilex,QUIL_006,152,41.182,-3.226
S13,Eucalyptus globulus,EUGL_001,103,-42.559,145.376
S13,Eucalyptus globulus,EUGL_002,122,-42.559,145.376
S13,Eucalyptus globulus,EUGL_003,105,-42.559,145.376
S13,Eucalyptus globulus,EUGL_004,136,-42.559,145.376
S13,Eucalyptus globulus,EUGL_005,118,-42.559,145.376
S13,Eucalyptus globulus,EUGL_006,112,-42.559,145.376
S13,Eucalyptus globulus,EUGL_007,116,-42.559,145.376
S14,Pinus contorta,PICO_001,238,51.579,-117.08
S14,Pinus contorta,PICO_002,215,51.579,-117.08
S14,Pinus contorta,PICO_003,226,51.579,-117.08
S14,Pinus contorta,PICO_004,240,51.579,-117.08
S14,Pinus contorta,PICO_005,222,51.579,-117.08
S14,Pinus contorta,PICO_006,232,51.579,-117.08
S14,Pinus contorta,PICO_007,260,51.579,-117.08
S14,Pinus contorta,PICO_008,228,51.579,-117.08
S14,Pinus contorta,PICO_009,256,51.579,-117.08
S14,Pinus contorta,PICO_010,217,51.579,-117.08
S14,Pinus contorta,PICO_011,250,51.579,-117.08
S14,Pinus contorta,PICO_012,268,51.579,-117.08
S14,Pinus contorta,PICO_013,190,51.579,-117.08
S14,Pinus contorta,PICO_014,224,51.579,-117.08
S14,Pinus contorta,PICO_015,251,51.579,-117.08
S14,Pinus contorta,PICO_016,235,51.579,-117.08
S14,Pinus contorta,PICO_017,247,51.579,-117.08
S14,Pinus contorta,PICO_018,227,51.579,-117.08
S15,Larix decidua,LADE_001,274,45.072,8.445
S15,Larix decidua,LADE_002,252,45.072,8.445
S15,Larix decidua,LADE_003,295,45.072,8.445
S15,Larix decidua,LADE_004,300,45.072,8.445
S15,Larix decidua,LADE_005,305,45.072,8.445
S15,Larix decidua,LADE_006,310,45.072,8.445
S15,Larix decidua,LADE_007,305,45.072,8.445
S15,Larix decidua,LADE_008,304,45.072,8.445
S15,Larix decidua,LADE_009,272,45.072,8.445
S15,Larix decidua,LADE_010,269,45.072,8.445
S15,Larix decidua,LADE_011,312,45.072,8.445
S15,Larix decidua,LADE_012,297,45.072,8.445
S15,Larix decidua,LADE_013,314,45.072,8.445
S16,Quercus alba,QUAL_001,190,37.541,-78.34
S16,Quercus alba,QUAL_002,224,37.541,-78.34
S16,Quercus alba,QUAL_003,260,37.541,-78.34
S16,Quercus alba,QUAL_004,214,37.541,-78.34
S16,Quercus alba,QUAL_005,177,37.541,-78.34
S16,Quercus alba,QUAL_006,254,37.541,-78.34
S17,Quercus petraea,QUPE_001,189,45.264,5.016
S17,Quercus petraea,QUPE_002,170,45.264,5.016
S17,Quercus petraea,QUPE_003,223,45.264,5.016
S17,Quercus petraea,QUPE_004,217,45.264,5.016
S17,Quercus petraea,QUPE_005,162,45.264,5.016
S17,Quercus petraea,QUPE_006,163,45.264,5.016
S17,Quercus petraea,QUPE_007,231,45.264,5.016
S17,Quercus petraea,QUPE_008,227,45.264,5.016
S17,Quercus petraea,QUPE_009,188,45.264,5.016
S17,Quercus petraea,QUPE_010,188,45.264,5.016
S17,Quercus petraea,QUPE_011,214,45.264,5.016
S17,Quercus petraea,QUPE_012,204,45.264,5.016
S17,Quercus petraea,QUPE_013,224,45.264,5.016
S17,Quercus petraea,QUPE_014,213,45.264,5.016
S17,Quercus petraea,QUPE_015,234,45.264,5.016
S17,Quercus petraea,QUPE_016,222,45.264,5.016
S17,Quercus petraea,QUPE_017,218,45.264,5.016
S17,Quercus petraea,QUPE_018,198,45.264,5.016
S17,Quercus petraea,QUPE_019,197,45.264,5.016
S18,Picea abies,PIAB_001,292,59.316,5.191
S18,Picea abies,PIAB_002,288,59.316,5.191
S18,Picea abies,PIAB_003,307,59.316,5.191
S18,Picea abies,PIAB_004,266,59.316,5.191
S18,Picea abies,PIAB_005,272,59.316,5.191
S18,Picea abies,PIAB_006,253,59.316,5.191
S19,Juniperus communis,JUCO_001,193,62.023,20.919
S19,Juniperus communis,JUCO_002,259,62.023,20.919
S19,Juniperus communis,JUCO_003,233,62.023,20.919
S19,Juniperus communis,JUCO_004,202,62.023,20.919
S19,Juniperus communis,JUCO_005,210,62.023,20.919
S19,Juniperus communis,JUCO_006,207,62.023,20.919
S19,Juniperus communis,JUCO_007,238,62.023,20.919
S19,Juniperus communis,JUCO_008,218,62.023,20.919
S19,Juniperus communis,JUCO_009,229,62.023,20.919
S19,Juniperus communis,JUCO_010,215,62.023,20.919
S19,Juniperus communis,JUCO_011,208,62.023,20.919
S19,Juniperus communis,JUCO_012,215,62.023,20.919
S19,Juniperus communis,JUCO_013,203,62.023,20.919
S19,Juniperus communis,JUCO_014,185,62.023,20.919
S19,Juniperus communis,JUCO_015,223,62.023,20.919
S19,Juniperus communis,JUCO_016,184,62.023,20.919
S19,Juniperus communis,JUCO_017,205,62.023,20.919
S20,Betula papyrifera,BEPA_001,158,48.615,-92.151
S20,Betula papyrifera,BEPA_002,191,48.615,-92.151
S20,Betula papyrifera,BEPA_003,173,48.615,-92.151
S20,Betula papyrifera,BEPA_004,168,48.615,-92.151
S20,Betula papyrifera,BEPA_005,171,48.615,-92.151
S20,Betula papyrifera,BEPA_006,168,48.615,-92.151
S20,Betula papyrifera,BEPA_007,147,48.615,-92.151
S20,Betula papyrifera,BEPA_008,144,48.615,-92.151
S20,Betula papyrifera,BEPA_009,193,48.615,-92.151
S20,Betula papyrifera,BEPA_010,167,48.615,-92.151
S20,Betula papyrifera,BEPA_011,166,48.615,-92.151
S20,Betula papyrifera,BEPA_012,163,48.615,-92.151
S21,Cedrus libani,CELI_001,308,33.617,36.631
S21,Cedrus libani,CELI_002,275,33.617,36.631
S21,Cedrus libani,CELI_003,278,33.617,36.631
S21,Cedrus libani,CELI_004,299,33.617,36.631
S21,Cedrus libani,CELI_005,280,33.617,36.631
S21,Cedrus libani,CELI_006,261,33.617,36.631
S21,Cedrus libani,CELI_007,264,33.617,36.631
S21,Cedrus libani,CELI_008,302,33.617,36.631
S21,Cedrus libani,CELI_009,258,33.617,36.631
S21,Cedrus libani,CELI_010,322,33.617,36.631
S21,Cedrus libani,CELI_011,273,33.617,36.631
S21,Cedrus libani,CELI_012,304,33.617,36.631
S21,Cedrus libani,CELI_013,275,33.617,36.631
S21,Cedrus libani,CELI_014,268,33.617,36.631
S21,Cedrus libani,CELI_015,295,33.617,36.631
S21,Cedrus libani,CELI_016,314,33.617,36.631
S21,Cedrus libani,CELI_017,284,33.617,36.631
S21,Cedrus libani,CELI_018,288,33.617,36.631
S22,Pinus ponderosa,PIPO_001,408,34.859,-119.404
S22,Pinus ponderosa,PIPO_002,361,34.859,-119.404
S22,Pinus ponderosa,PIPO_003,444,34.859,-119.404
S22,Pinus ponderosa,PIPO_004,364,34.859,-119.404
S22,Pinus ponderosa,PIPO_005,312,34.859,-119.404
S22,Pinus ponderosa,PIPO_006,364,34.859,-119.404
S22,Pinus ponderosa,PIPO_007,363,34.859,-119.404
S22,Pinus ponderosa,PIPO_008,262,34.859,-119.404
S22,Pinus ponderosa,PIPO_009,372,34.859,-119.404
S22,Pinus ponderosa,PIPO_010,365,34.859,-119.404
S22,Pinus ponderosa,PIPO_011,404,34.859,-119.404
S22,Pinus ponderosa,PIPO_012,452,34.859,-119.404
S22,Pinus ponderosa,PIPO_013,421,34.859,-119.404
S22,Pinus ponderosa,PIPO_014,363,34.859,-119.404
S22,Pinus ponderosa,PIPO_015,328,34.859,-119.404
S23,Pinus longaeva,PILO_001,838,36.584,-112.047
S23,Pinus longaeva,PILO_002,962,36.584,-112.047
S23,Pinus longaeva,PILO_003,861,36.584,-112.047
S23,Pinus longaeva,PILO_004,856,36.584,-112.047
S23,Pinus longaeva,PILO_005,836,36.584,-112.047
S23,Pinus longaeva,PILO_006,790,36.584,-112.047
S23,Pinus longaeva,PILO_007,902,36.584,-112.047
S23,Pinus longaeva,PILO_008,1044,36.584,-112.047
S23,Pinus longaeva,PILO_009,1138,36.584,-112.047
S23,Pinus longaeva,PILO_010,902,36.584,-112.047
S23,Pinus longaeva,PILO_011,1040,36.584,-112.047
S23,Pinus longaeva,PILO_012,917,36.584,-112.047
S23,Pinus longaeva,PILO_013,812,36.584,-112.047
S23,Pinus longaeva,PILO_014,1008,36.584,-112.047
S23,Pinus longaeva,PILO_015,969,36.584,-112.047
S23,Pinus longaeva,PILO_016,1101,36.584,-112.047
S24,Pseudotsuga menziesii,PSME_001,288,44.566,-124.462
S24,Pseudotsuga menziesii,PSME_002,323,44.566,-124.462
S24,Pseudotsuga menziesii,PSME_003,325,44.566,-124.462
S24,Pseudotsuga menziesii,PSME_004,383,44.566,-124.462
S24,Pseudotsuga menziesii,PSME_005,387,44.566,-124.462
S24,Pseudotsuga menziesii,PSME_006,364,44.566,-124.462
S24,Pseudotsuga menziesii,PSME_007,368,44.566,-124.462
S24,Pseudotsuga menziesii,PSME_008,396,44.566,-124.462
S24,Pseudotsuga menziesii,PSME_009,409,44.566,-124.462
S24,Pseudotsuga menziesii,PSME_010,319,44.566,-124.462
S25,Betula papyrifera,BEPA_001,183,49.197,-94.006
S25,Betula papyrifera,BEPA_002,132,49.197,-94.006
S25,Betula papyrifera,BEPA_003,153,49.197,-94.006
S25,Betula papyrifera,BEPA_004,155,49.197,-94.006
S25,Betula papyrifera,BEPA_005,203,49.197,-94.006
S25,Betula papyrifera,BEPA_006,167,49.197,-94.006
S25,Betula papyrifera,BEPA_007,177,49.197,-94.006
S25,Betula papyrifera,BEPA_008,136,49.197,-94.006
S25,Betula papyrifera,BEPA_009,167,49.197,-94.006
S25,Betula papyrifera,BEPA_010,179,49.197,-94.006
S25,Betula papyrifera,BEPA_011,177,49.197,-94.006
S25,Betula papyrifera,BEPA_012,174,49.197,-94.006
S25,Betula papyrifera,BEPA_013,165,49.197,-94.006
S25,Betula papyrifera,BEPA_014,165,49.197,-94.006
S25,Betula papyrifera,BEPA_015,139,49.197,-94.006
S25,Betula papyrifera,BEPA_016,151,49.197,-94.006
S26,Quercus robur,QURO_001,210,49.794,15.087
S26,Quercus robur,QURO_002,182,49.794,15.087
S26,Quercus robur,QURO_003,221,49.794,15.087
S26,Quercus robur,QURO_004,201,49.794,15.087
S26,Quercus robur,QURO_005,195,49.794,15.087
S26,Quercus robur,QURO_006,224,49.794,15.087
S27,Betula papyrifera,BEPA_001,158,49.987,-93.619
S27,Betula papyrifera,BEPA_002,181,49.987,-93.619
S27,Betula papyrifera,BEPA_003,182,49.987,-93.619
S27,Betula papyrifera,BEPA_004,154,49.987,-93.619
S27,Betula papyrifera,BEPA_005,179,49.987,-93.619
S27,Betula papyrifera,BEPA_006,159,49.987,-93.619
S27,Betula papyrifera,BEPA_007,159,49.987,-93.619
S27,Betula papyrifera,BEPA_008,168,49.987,-93.619
S27,Betula papyrifera,BEPA_009,169,49.987,-93.619
S27,Betula papyrifera,BEPA_010,165,49.987,-93.619
S27,Betula papyrifera,BEPA_011,144,49.987,-93.619
S27,Betula papyrifera,BEPA_012,163,49.987,-93.619
S27,Betula papyrifera,BEPA_013,199,49.987,-93.619
S27,Betula papyrifera,BEPA_014,123,49.987,-93.619
S28,Pseudotsuga menziesii,PSME_001,464,45.545,-122.646
S28,Pseudotsuga menziesii,PSME_002,403,45.545,-122.646
S28,Pseudotsuga menziesii,PSME_003,349,45.545,-122.646
S28,Pseudotsuga menziesii,PSME_004,357,45.545,-122.646
S28,Pseudotsuga menziesii,PSME_005,321,45.545,-122.646
S28,Pseudotsuga menziesii,PSME_006,379,45.545,-122.646
S28,Pseudotsuga menziesii,PSME_007,307,45.545,-122.646
S28,Pseudotsuga menziesii,PSME_008,397,45.545,-122.646
S28,Pseudotsuga menziesii,PSME_009,458,45.545,-122.646
S28,Pseudotsuga menziesii,PSME_010,404,45.545,-122.646
S28,Pseudotsuga menziesii,PSME_011,355,45.545,-122.646
S28,Pseudotsuga menziesii,PSME_012,396,45.545,-122.646
S28,Pseudotsuga menziesii,PSME_013,442,45.545,-122.646
S29,Betula pendula,BEPE_001,178,63.969,28.59
S29,Betula pendula,BEPE_002,196,63.969,28.59
S29,Betula pendula,BEPE_003,151,63.969,28.59
S29,Betula pendula,BEPE_004,150,63.969,28.59
S29,Betula pendula,BEPE_005,172,63.969,28.59
S29,Betula pendula,BEPE_006,148,63.969,28.59
S29,Betula pendula,BEPE_007,176,63.969,28.59
S29,Betula pendula,BEPE_008,160,63.969,28.59
S29,Betula pendula,BEPE_009,153,63.969,28.59
S29,Betula pendula,BEPE_010,151,63.969,28.59
S29,Betula pendula,BEPE_011,173,63.969,28.59
S29,Betula pendula,BEPE_012,158,63.969,28.59
S29,Betula pendula,BEPE_013,161,63.969,28.59
S30,Betula pendula,BEPE_001,140,64.753,32.176
S30,Betula pendula,BEPE_002,194,64.753,32.176
S30,Betula pendula,BEPE_003,162,64.753,32.176
S30,Betula pendula,BEPE_004,157,64.753,32.176
S30,Betula pendula,BEPE_005,142,64.753,32.176
S30,Betula pendula,BEPE_006,165,64.753,32.176
S30,Betula pendula,BEPE_007,146,64.753,32.176
S30,Betula pendula,BEPE_008,156,64.753,32.176
S30,Betula pendula,BEPE_009,193,64.753,32.176
S30,Betula pendula,BEPE_010,153,64.753,32.176
S30,Betula pendula,BEPE_011,172,64.753,32.176
S30,Betula pendula,BEPE_012,144,64.753,32.176
S31,Pseudotsuga menziesii,PSME_001,322,48.648,-120.916
S31,Pseudotsuga menziesii,PSME_002,319,48.648,-120.916
S31,Pseudotsuga menziesii,PSME_003,443,48.648,-120.916
S31,Pseudotsuga menziesii,PSME_004,345,48.648,-120.916
S31,Pseudotsuga menziesii,PSME_005,335,48.648,-120.916
S31,Pseudotsuga menziesii,PSME_006,470,48.648,-120.916
S31,Pseudotsuga menziesii,PSME_007,416,48.648,-120.916
S31,Pseudotsuga menziesii,PSME_008,350,48.648,-120.916
S31,Pseudotsuga menziesii,PSME_009,384,48.648,-120.916
S32,Quercus ilex,QUIL_001,185,40.43,-2.141
S32,Quercus ilex,QUIL_002,174,40.43,-2.141
S32,Quercus ilex,QUIL_003,161,40.43,-2.141
S32,Quercus ilex,QUIL_004,170,40.43,-2.141
S32,Quercus ilex,QUIL_005,168,40.43,-2.141
S32,Quercus ilex,QUIL_006,177,40.43,-2.141
S32,Quercus ilex,QUIL_007,174,40.43,-2.141
S32,Quercus ilex,QUIL_008,153,40.43,-2.141
S32,Quercus ilex,QUIL_009,168,40.43,-2.141
S32,Quercus ilex,QUIL_010,139,40.43,-2.141
S32,Quercus ilex,QUIL_011,159,40.43,-2.141
S32,Quercus ilex,QUIL_012,170,40.43,-2.141
S32,Quercus ilex,QUIL_013,161,40.43,-2.141
S32,Quercus ilex,QUIL_014,165,40.43,-2.141
S32,Quercus ilex,QUIL_015,157,40.43,-2.141
S32,Quercus ilex,QUIL_016,175,40.43,-2.141
S33,Cedrus libani,CELI_001,288,33.903,35.781
S33,Cedrus libani,CELI_002,321,33.903,35.781
S33,Cedrus libani,CELI_003,226,33.903,35.781
S33,Cedrus libani,CELI_004,321,33.903,35.781
S33,Cedrus libani,CELI_005,320,33.903,35.781
S33,Cedrus libani,CELI_006,311,33.903,35.781
S33,Cedrus libani,CELI_007,243,33.903,35.781
S33,Cedrus libani,CELI_008,313,33.903,35.781
S33,Cedrus libani,CELI_009,288,33.903,35.781
S33,Cedrus libani,CELI_010,230,33.903,35.781
S33,Cedrus libani,CELI_011,320,33.903,35.781
S34,Pinus contorta,PICO_001,236,49.941,-114.897
S34,Pinus contorta,PICO_002,231,49.941,-114.897
S34,Pinus contorta,PICO_003,268,49.941,-114.897
S34,Pinus contorta,PICO_004,243,49.941,-114.897
S34,Pinus contorta,PICO_005,260,49.941,-114.897
S34,Pinus contorta,PICO_006,210,49.941,-114.897
S34,Pinus contorta,PICO_007,245,49.941,-114.897
S34,Pinus contorta,PICO_008,257,49.941,-114.897
S34,Pinus contorta,PICO_009,241,49.941,-114.897
S34,Pinus contorta,PICO_010,261,49.941,-114.897
S34,Pinus contorta,PICO_011,229,49.941,-114.897
S35,Pinus sylvestris,PISY_001,366,60.205,14.044
S35,Pinus sylvestris,PISY_002,406,60.205,14.044
S35,Pinus sylvestris,PISY_003,298,60.205,14.044
S35,Pinus sylvestris,PISY_004,297,60.205,14.044
S35,Pinus sylvestris,PISY_005,269,60.205,14.044
S35,Pinus sylvestris,PISY_006,311,60.205,14.044
S35,Pinus sylvestris,PISY_007,297,60.205,14.044
S35,Pinus sylvestris,PISY_008,377,60.205,14.044
S35,Pinus sylvestris,PISY_009,325,60.205,14.044
S36,Pinus radiata,PIRA_001,121,-36.839,177.797
S36,Pinus radiata,PIRA_002,115,-36.839,177.797
S36,Pinus radiata,PIRA_003,113,-36.839,177.797
S36,Pinus radiata,PIRA_004,112,-36.839,177.797
S36,Pinus radiata,PIRA_005,102,-36.839,177.797
S37,Larix decidua,LADE_001,253,46.774,6.023
S37,Larix decidua,LADE_002,270,46.774,6.023
S37,Larix decidua,LADE_003,314,46.774,6.023
S37,Larix decidua,LADE_004,298,46.774,6.023
S37,Larix decidua,LADE_005,291,46.774,6.023
S37,Larix decidua,LADE_006,297,46.774,6.023
S37,Larix decidua,LADE_007,317,46.774,6.023
S37,Larix decidua,LADE_008,287,46.774,6.023
S37,Larix decidua,LADE_009,291,46.774,6.023
S37,Larix decidua,LADE_010,324,46.774,6.023
S37,Larix decidua,LADE_011,280,46.774,6.023
S37,Larix decidua,LADE_012,308,46.774,6.023
S38,Nothofagus pumilio,NOPU_001,161,-39.182,-71.637
S38,Nothofagus pumilio,NOPU_002,159,-39.182,-71.637
S38,Nothofagus pumilio,NOPU_003,161,-39.182,-71.637
S38,Nothofagus pumilio,NOPU_004,159,-39.182,-71.637
S38,Nothofagus pumilio,NOPU_005,160,-39.182,-71.637
S38,Nothofagus pumilio,NOPU_006,159,-39.182,-71.637
S38,Nothofagus pumilio,NOPU_007,189,-39.182,-71.637
S38,Nothofagus pumilio,NOPU_008,193,-39.182,-71.637
S38,Nothofagus pumilio,NOPU_009,160,-39.182,-71.637
S38,Nothofagus pumilio,NOPU_010,156,-39.182,-71.637
S38,Nothofagus pumilio,NOPU_011,177,-39.182,-71.637
S38,Nothofagus pumilio,NOPU_012,160,-39.182,-71.637
S38,Nothofagus pumilio,NOPU_013,180,-39.182,-71.637
S38,Nothofagus pumilio,NOPU_014,173,-39.182,-71.637
S38,Nothofagus pumilio,NOPU_015,144,-39.182,-71.637
S38,Nothofagus pumilio,NOPU_016,195,-39.182,-71.637
S38,Nothofagus pumilio,NOPU_017,199,-39.182,-71.637
S38,Nothofagus pumilio,NOPU_018,159,-39.182,-71.637
S39,Pinus ponderosa,PIPO_001,358,38.586,-105.521
S39,Pinus ponderosa,PIPO_002,372,38.586,-105.521
S39,Pinus ponderosa,PIPO_003,367,38.586,-105.521
S39,Pinus ponderosa,PIPO_004,380,38.586,-105.521
S39,Pinus ponderosa,PIPO_005,384,38.586,-105.521
S39,Pinus ponderosa,PIPO_006,334,38.586,-105.521
S39,Pinus ponderosa,PIPO_007,339,38.586,-105.521
S39,Pinus ponderosa,PIPO_008,376,38.586,-105.521
S39,Pinus ponderosa,PIPO_009,348,38.586,-105.521
S39,Pinus ponderosa,PIPO_010,412,38.586,-105.521
S39,Pinus ponderosa,PIPO_011,376,38.586,-105.521
S39,Pinus ponderosa,PIPO_012,452,38.586,-105.521
S39,Pinus ponderosa,PIPO_013,409,38.586,-105.521
S40,Betula papyrifera,BEPA_001,140,48.861,-91.476
S40,Betula papyrifera,BEPA_002,171,48.861,-91.476
S40,Betula papyrifera,BEPA_003,168,48.861,-91.476
S40,Betula papyrifera,BEPA_004,169,48.861,-91.476
S40,Betula papyrifera,BEPA_005,178,48.861,-91.476
S40,Betula papyrifera,BEPA_006,171,48.861,-91.476
S40,Betula papyrifera,BEPA_007,171,48.861,-91.476
S40,Betula papyrifera,BEPA_008,175,48.861,-91.476
S40,Betula papyrifera,BEPA_009,172,48.861,-91.476
S40,Betula papyrifera,BEPA_010,177,48.861,-91.476
S40,Betula papyrifera,BEPA_011,180,48.861,-91.476
S40,Betula papyrifera,BEPA_012,187,48.861,-91.476
S41,Pinus radiata,PIRA_001,127,-37.598,177.126
S41,Pinus radiata,PIRA_002,123,-37.598,177.126
S41,Pinus radiata,PIRA_003,124,-37.598,177.126
S41,Pinus radiata,PIRA_004,131,-37.598,177.126
S41,Pinus radiata,PIRA_005,118,-37.598,177.126
S41,Pinus radiata,PIRA_006,132,-37.598,177.126
S41,Pinus radiata,PIRA_007,143,-37.598,177.126
S41,Pinus radiata,PIRA_008,129,-37.598,177.126
S41,Pinus radiata,PIRA_009,115,-37.598,177.126
S41,Pinus radiata,PIRA_010,117,-37.598,177.126
S42,Eucalyptus globulus,EUGL_001,117,-39.186,144.05
S42,Eucalyptus globulus,EUGL_002,115,-39.186,144.05
S42,Eucalyptus globulus,EUGL_003,99,-39.186,144.05
S42,Eucalyptus globulus,EUGL_004,123,-39.186,144.05
S42,Eucalyptus globulus,EUGL_005,122,-39.186,144.05
S42,Eucalyptus globulus,EUGL_006,140,-39.186,144.05
S42,Eucalyptus globulus,EUGL_007,111,-39.186,144.05
S42,Eucalyptus globulus,EUGL_008,117,-39.186,144.05
S42,Eucalyptus globulus,EUGL_009,117,-39.186,144.05
S42,Eucalyptus globulus,EUGL_010,133,-39.186,144.05
S42,Eucalyptus globulus,EUGL_011,113,-39.186,144.05
S42,Eucalyptus globulus,EUGL_012,118,-39.186,144.05
S42,Eucalyptus globulus,EUGL_013,122,-39.186,144.05
S42,Eucalyptus globulus,EUGL_014,117,-39.186,144.05
S42,Eucalyptus globulus,EUGL_015,109,-39.186,144.05
S42,Eucalyptus globulus,EUGL_016,117,-39.186,144.05
S42,Eucalyptus globulus,EUGL_017,127,-39.186,144.05
S43,Pinus contorta,PICO_001,219,50.099,-113.333
S43,Pinus contorta,PICO_002,235,50.099,-113.333
S43,Pinus contorta,PICO_003,276,50.099,-113.333
S43,Pinus contorta,PICO_004,228,50.099,-113.333
S43,Pinus contorta,PICO_005,278,50.099,-113.333
S43,Pinus contorta,PICO_006,262,50.099,-113.333
S43,Pinus contorta,PICO_007,274,50.099,-113.333
S43,Pinus contorta,PICO_008,227,50.099,-113.333
S43,Pinus contorta,PICO_009,236,50.099,-113.333
S43,Pinus contorta,PICO_010,231,50.099,-113.333
S44,Pinus contorta,PICO_001,262,51.978,-115.863
S44,Pinus contorta,PICO_002,254,51.978,-115.863
S44,Pinus contorta,PICO_003,261,51.978,-115.863
S44,Pinus contorta,PICO_004,205,51.978,-115.863
S44,Pinus contorta,PICO_005,231,51.978,-115.863
S44,Pinus contorta,PICO_006,215,51.978,-115.863
S44,Pinus contorta,PICO_007,236,51.978,-115.863
S44,Pinus contorta,PICO_008,252,51.978,-115.863
S44,Pinus contorta,PICO_009,259,51.978,-115.863
S44,Pinus contorta,PICO_010,262,51.978,-115.863
S44,Pinus contorta,PICO_011,266,51.978,-115.863
S44,Pinus contorta,PICO_012,235,51.978,-115.863
S44,Pinus contorta,PICO_013,217,51.978,-115.863
S44,Pinus contorta,PICO_014,237,51.978,-115.863
S44,Pinus contorta,PICO_015,252,51.978,-115.863
S44,Pinus contorta,PICO_016,215,51.978,-115.863
S44,Pinus contorta,PICO_017,273,51.978,-115.863
S44,Pinus contorta,PICO_018,257,51.978,-115.863
S44,Pinus contorta,PICO_019,235,51.978,-115.863
S44,Pinus contorta,PICO_020,225,51.978,-115.863
S45,Juniperus communis,JUCO_001,198,62.422,22.265
S45,Juniperus communis,JUCO_002,216,62.422,22.265
S45,Juniperus communis,JUCO_003,221,62.422,22.265
S45,Juniperus communis,JUCO_004,190,62.422,22.265
S45,Juniperus communis,JUCO_005,252,62.422,22.265
S45,Juniperus communis,JUCO_006,189,62.422,22.265
S45,Juniperus communis,JUCO_007,212,62.422,22.265
S45,Juniperus communis,JUCO_008,207,62.422,22.265
S45,Juniperus communis,JUCO_009,190,62.422,22.265
S45,Juniperus communis,JUCO_010,203,62.422,22.265
S45,Juniperus communis,JUCO_011,210,62.422,22.265
S45,Juniperus communis,JUCO_012,199,62.422,22.265
S45,Juniperus communis,JUCO_013,225,62.422,22.265
S45,Juniperus communis,JUCO_014,207,62.422,22.265
S45,Juniperus communis,JUCO_015,187,62.422,22.265
S45,Juniperus communis,JUCO_016,186,62.422,22.265
S45,Juniperus communis,JUCO_017,220,62.422,22.265
S45,Juniperus communis,JUCO_018,185,62.422,22.265
S45,Juniperus communis,JUCO_019,215,62.422,22.265
S45,Juniperus communis,JUCO_020,217,62.422,22.265
S46,Pseudotsuga menziesii,PSME_001,333,44.272,-122.119
S46,Pseudotsuga menziesii,PSME_002,410,44.272,-122.119
S46,Pseudotsuga menziesii,PSME_003,347,44.272,-122.119
S46,Pseudotsuga menziesii,PSME_004,356,44.272,-122.119
S46,Pseudotsuga menziesii,PSME_005,296,44.272,-122.119
S46,Pseudotsuga menziesii,PSME_006,356,44.272,-122.119
S46,Pseudotsuga menziesii,PSME_007,274,44.272,-122.119
S46,Pseudotsuga menziesii,PSME_008,309,44.272,-122.119
S46,Pseudotsuga menziesii,PSME_009,406,44.272,-122.119
S47,Nothofagus pumilio,NOPU_001,174,-41.981,-71.488
S47,Nothofagus pumilio,NOPU_002,177,-41.981,-71.488
S47,Nothofagus pumilio,NOPU_003,159,-41.981,-71.488
S47,Nothofagus pumilio,NOPU_004,177,-41.981,-71.488
S47,Nothofagus pumilio,NOPU_005,172,-41.981,-71.488
S47,Nothofagus pumilio,NOPU_006,154,-41.981,-71.488
S47,Nothofagus pumilio,NOPU_007,169,-41.981,-71.488
S47,Nothofagus pumilio,NOPU_008,163,-41.981,-71.488
S47,Nothofagus pumilio,NOPU_009,159,-41.981,-71.488
S47,Nothofagus pumilio,NOPU_010,150,-41.981,-71.488
S47,Nothofagus pumilio,NOPU_011,171,-41.981,-71.488
S47,Nothofagus pumilio,NOPU_012,156,-41.981,-71.488
S47,Nothofagus pumilio,NOPU_013,162,-41.981,-71.488
S47,Nothofagus pumilio,NOPU_014,187,-41.981,-71.488
S47,Nothofagus pumilio,NOPU_015,180,-41.981,-71.488
S47,Nothofagus pumilio,NOPU_016,153,-41.981,-71.488
S47,Nothofagus pumilio,NOPU_017,175,-41.981,-71.488
S48,Quercus robur,QURO_001,207,52.025,8.111
S48,Quercus robur,QURO_002,238,52.025,8.111
S48,Quercus robur,QURO_003,211,52.025,8.111
S48,Quercus robur,QURO_004,212,52.025,8.111
S48,Quercus robur,QURO_005,217,52.025,8.111
S48,Quercus robur,QURO_006,194,52.025,8.111
S48,Quercus robur,QURO_007,224,52.025,8.111
S48,Quercus robur,QURO_008,207,52.025,8.111
S48,Quercus robur,QURO_009,222,52.025,8.111
S48,Quercus robur,QURO_010,201,52.025,8.111
S48,Quercus robur,QURO_011,229,52.025,8.111
S48,Quercus robur,QURO_012,212,52.025,8.111
S48,Quercus robur,QURO_013,245,52.025,8.111
S48,Quercus robur,QURO_014,198,52.025,8.111
S48,Quercus robur,QURO_015,208,52.025,8.111
S48,Quercus robur,QURO_016,186,52.025,8.111
S48,Quercus robur,QURO_017,195,52.025,8.111
S49,Pinus ponderosa,PIPO_001,351,44.676,-124.647
S49,Pinus ponderosa,PIPO_002,371,44.676,-124.647
S49,Pinus ponderosa,PIPO_003,320,44.676,-124.647
S49,Pinus ponderosa,PIPO_004,424,44.676,-124.647
S49,Pinus ponderosa,PIPO_005,354,44.676,-124.647
S49,Pinus ponderosa,PIPO_006,500,44.676,-124.647
S49,Pinus ponderosa,PIPO_007,367,44.676,-124.647
S49,Pinus ponderosa,PIPO_008,343,44.676,-124.647
S49,Pinus ponderosa,PIPO_009,357,44.676,-124.647
S49,Pinus ponderosa,PIPO_010,316,44.676,-124.647
S49,Pinus ponderosa,PIPO_011,395,44.676,-124.647
S50,Cedrus libani,CELI_001,280,35.364,36.399
S50,Cedrus libani,CELI_002,299,35.364,36.399
S50,Cedrus libani,CELI_003,305,35.364,36.399
S50,Cedrus libani,CELI_004,278,35.364,36.399
S50,Cedrus libani,CELI_005,326,35.364,36.399
S51,Fagus sylvatica,FASY_001,221,45.406,2.606
S51,Fagus sylvatica,FASY_002,219,45.406,2.606
S51,Fagus sylvatica,FASY_003,260,45.406,2.606
S51,Fagus sylvatica,FASY_004,211,45.406,2.606
S51,Fagus sylvatica,FASY_005,252,45.406,2.606
S51,Fagus sylvatica,FASY_006,212,45.406,2.606
S51,Fagus sylvatica,FASY_007,203,45.406,2.606
S51,Fagus sylvatica,FASY_008,198,45.406,2.606
S52,Pinus radiata,PIRA_001,105,-36.966,176.03
S52,Pinus radiata,PIRA_002,118,-36.966,176.03
S52,Pinus radiata,PIRA_003,134,-36.966,176.03
S52,Pinus radiata,PIRA_004,127,-36.966,176.03
S52,Pinus radiata,PIRA_005,131,-36.966,176.03
S52,Pinus radiata,PIRA_006,110,-36.966,176.03
S52,Pinus radiata,PIRA_007,141,-36.966,176.03
S52,Pinus radiata,PIRA_008,134,-36.966,176.03
S53,Quercus ilex,QUIL_001,153,40.789,4.402
S53,Quercus ilex,QUIL_002,178,40.789,4.402
S53,Quercus ilex,QUIL_003,182,40.789,4.402
S53,Quercus ilex,QUIL_004,177,40.789,4.402
S53,Quercus ilex,QUIL_005,163,40.789,4.402
S53,Quercus ilex,QUIL_006,129,40.789,4.402
S53,Quercus ilex,QUIL_007,150,40.789,4.402
S54,Abies alba,ABAL_001,246,45.807,13.114
S54,Abies alba,ABAL_002,262,45.807,13.114
S54,Abies alba,ABAL_003,241,45.807,13.114
S54,Abies alba,ABAL_004,268,45.807,13.114
S54,Abies alba,ABAL_005,183,45.807,13.114
S54,Abies alba,ABAL_006,276,45.807,13.114
S54,Abies alba,ABAL_007,209,45.807,13.114
S54,Abies alba,ABAL_008,241,45.807,13.114
S54,Abies alba,ABAL_009,223,45.807,13.114
S54,Abies alba,ABAL_010,219,45.807,13.114
S54,Abies alba,ABAL_011,277,45.807,13.114
S54,Abies alba,ABAL_012,239,45.807,13.114
S54,Abies alba,ABAL_013,258,45.807,13.114
S55,Pinus ponderosa,PIPO_001,343,43.372,-110.558
S55,Pinus ponderosa,PIPO_002,343,43.372,-110.558
S55,Pinus ponderosa,PIPO_003,368,43.372,-110.558
S55,Pinus ponderosa,PIPO_004,416,43.372,-110.558
S55,Pinus ponderosa,PIPO_005,350,43.372,-110.558
S55,Pinus ponderosa,PIPO_006,293,43.372,-110.558
S55,Pinus ponderosa,PIPO_007,338,43.372,-110.558
S55,Pinus ponderosa,PIPO_008,392,43.372,-110.558
S55,Pinus ponderosa,PIPO_009,466,43.372,-110.558
S55,Pinus ponderosa,PIPO_010,322,43.372,-110.558
S55,Pinus ponderosa,PIPO_011,320,43.372,-110.558
S55,Pinus ponderosa,PIPO_012,311,43.372,-110.558
S55,Pinus ponderosa,PIPO_013,306,43.372,-110.558
S55,Pinus ponderosa,PIPO_014,425,43.372,-110.558
S55,Pinus ponderosa,PIPO_015,437,43.372,-110.558
S55,Pinus ponderosa,PIPO_016,382,43.372,-110.558
S55,Pinus ponderosa,PIPO_017,355,43.372,-110.558
S56,Sequoia sempervirens,SESE_001,799,40.286,-124.123
S56,Sequoia sempervirens,SESE_002,624,40.286,-124.123
S56,Sequoia sempervirens,SESE_003,681,40.286,-124.123
S56,Sequoia sempervirens,SESE_004,622,40.286,-124.123
S56,Sequoia sempervirens,SESE_005,604,40.286,-124.123
S56,Sequoia sempervirens,SESE_006,654,40.286,-124.123
S56,Sequoia sempervirens,SESE_007,592,40.286,-124.123
S56,Sequoia sempervirens,SESE_008,639,40.286,-124.123
S56,Sequoia sempervirens,SESE_009,563,40.286,-124.123
S56,Sequoia sempervirens,SESE_010,634,40.286,-124.123
S56,Sequoia sempervirens,SESE_011,687,40.286,-124.123
S56,Sequoia sempervirens,SESE_012,600,40.286,-124.123
S56,Sequoia sempervirens,SESE_013,650,40.286,-124.123
S56,Sequoia sempervirens,SESE_014,661,40.286,-124.123
S56,Sequoia sempervirens,SESE_015,687,40.286,-124.123
S56,Sequoia sempervirens,SESE_016,638,40.286,-124.123
S56,Sequoia sempervirens,SESE_017,740,40.286,-124.123
S56,Sequoia sempervirens,SESE_018,474,40.286,-124.123
S56,Sequoia sempervirens,SESE_019,894,40.286,-124.123
S57,Abies alba,ABAL_001,225,45.686,14.622
S57,Abies alba,ABAL_002,252,45.686,14.622
S57,Abies alba,ABAL_003,251,45.686,14.622
S57,Abies alba,ABAL_004,252,45.686,14.622
S57,Abies alba,ABAL_005,240,45.686,14.622
S57,Abies alba,ABAL_006,240,45.686,14.622
S57,Abies alba,ABAL_007,233,45.686,14.622
S57,Abies alba,ABAL_008,261,45.686,14.622
S57,Abies alba,ABAL_009,268,45.686,14.622
S57,Abies alba,ABAL_010,221,45.686,14.622
S57,Abies alba,ABAL_011,248,45.686,14.622
S57,Abies alba,ABAL_012,254,45.686,14.622
S57,Abies alba,ABAL_013,254,45.686,14.622
S57,Abies alba,ABAL_014,253,45.686,14.622
S57,Abies alba,ABAL_015,240,45.686,14.622
S57,Abies alba,ABAL_016,256,45.686,14.622
S58,Pinus ponderosa,PIPO_001,421,35.94,-119.75
S58,Pinus ponderosa,PIPO_002,424,35.94,-119.75
S58,Pinus ponderosa,PIPO_003,401,35.94,-119.75
S58,Pinus ponderosa,PIPO_004,327,35.94,-119.75
S58,Pinus ponderosa,PIPO_005,443,35.94,-119.75
S58,Pinus ponderosa,PIPO_006,327,35.94,-119.75
S58,Pinus ponderosa,PIPO_007,387,35.94,-119.75
S58,Pinus ponderosa,PIPO_008,343,35.94,-119.75
S58,Pinus ponderosa,PIPO_009,372,35.94,-119.75
S58,Pinus ponderosa,PIPO_010,388,35.94,-119.75
S58,Pinus ponderosa,PIPO_011,388,35.94,-119.75
S58,Pinus ponderosa,PIPO_012,392,35.94,-119.75
S58,Pinus ponderosa,PIPO_013,442,35.94,-119.75
S59,Quercus robur,QURO_001,213,46.837,13.939
S59,Quercus robur,QURO_002,227,46.837,13.939
S59,Quercus robur,QURO_003,217,46.837,13.939
S59,Quercus robur,QURO_004,202,46.837,13.939
S59,Quercus robur,QURO_005,219,46.837,13.939
S59,Quercus robur,QURO_006,219,46.837,13.939
S59,Quercus robur,QURO_007,197,46.837,13.939
S59,Quercus robur,QURO_008,178,46.837,13.939
S60,Quercus petraea,QUPE_001,188,45.761,0.164
S60,Quercus petraea,QUPE_002,181,45.761,0.164
S60,Quercus petraea,QUPE_003,174,45.761,0.164
S60,Quercus petraea,QUPE_004,188,45.761,0.164
S60,Quercus petraea,QUPE_005,233,45.761,0.164
S60,Quercus petraea,QUPE_006,176,45.761,0.164
S60,Quercus petraea,QUPE_007,199,45.761,0.164
S60,Quercus petraea,QUPE_008,181,45.761,0.164
S60,Quercus petraea,QUPE_009,193,45.761,0.164
S60,Quercus petraea,QUPE_010,208,45.761,0.164
S60,Quercus petraea,QUPE_011,192,45.761,0.164
S61,Pseudotsuga menziesii,PSME_001,427,49.193,-121.274
S61,Pseudotsuga menziesii,PSME_002,404,49.193,-121.274
S61,Pseudotsuga menziesii,PSME_003,500,49.193,-121.274
S61,Pseudotsuga menziesii,PSME_004,376,49.193,-121.274
S61,Pseudotsuga menziesii,PSME_005,307,49.193,-121.274
S61,Pseudotsuga menziesii,PSME_006,382,49.193,-121.274
S61,Pseudotsuga menziesii,PSME_007,274,49.193,-121.274
S61,Pseudotsuga menziesii,PSME_008,352,49.193,-121.274
S61,Pseudotsuga menziesii,PSME_009,442,49.193,-121.274
S61,Pseudotsuga menziesii,PSME_010,388,49.193,-121.274
S61,Pseudotsuga menziesii,PSME_011,382,49.193,-121.274
S61,Pseudotsuga menziesii,PSME_012,450,49.193,-121.274
S61,Pseudotsuga menziesii,PSME_013,363,49.193,-121.274
S61,Pseudotsuga menziesii,PSME_014,427,49.193,-121.274
S61,Pseudotsuga menziesii,PSME_015,380,49.193,-121.274
S61,Pseudotsuga menziesii,PSME_016,390,49.193,-121.274
S61,Pseudotsuga menziesii,PSME_017,324,49.193,-121.274
S61,Pseudotsuga menziesii,PSME_018,354,49.193,-121.274
S62,Eucalyptus globulus,EUGL_001,106,-40.816,144.686
S62,Eucalyptus globulus,EUGL_002,111,-40.816,144.686
S62,Eucalyptus globulus,EUGL_003,95,-40.816,144.686
S62,Eucalyptus globulus,EUGL_004,113,-40.816,144.686
S62,Eucalyptus globulus,EUGL_005,103,-40.816,144.686
S62,Eucalyptus globulus,EUGL_006,102,-40.816,144.686
S62,Eucalyptus globulus,EUGL_007,117,-40.816,144.686
S62,Eucalyptus globulus,EUGL_008,131,-40.816,144.686
S62,Eucalyptus globulus,EUGL_009,125,-40.816,144.686
S62,Eucalyptus globulus,EUGL_010,96,-40.816,144.686
S62,Eucalyptus globulus,EUGL_011,103,-40.816,144.686
S62,Eucalyptus globulus,EUGL_012,125,-40.816,144.686
S62,Eucalyptus globulus,EUGL_013,103,-40.816,144.686
S62,Eucalyptus globulus,EUGL_014,112,-40.816,144.686
S62,Eucalyptus globulus,EUGL_015,121,-40.816,144.686
S62,Eucalyptus globulus,EUGL_016,103,-40.816,144.686
S62,Eucalyptus globulus,EUGL_017,116,-40.816,144.686
S63,Pinus radiata,PIRA_001,109,-36.157,177.762
S63,Pinus radiata,PIRA_002,136,-36.157,177.762
S63,Pinus radiata,PIRA_003,117,-36.157,177.762
S63,Pinus radiata,PIRA_004,115,-36.157,177.762
S63,Pinus radiata,PIRA_005,123,-36.157,177.762
S63,Pinus radiata,PIRA_006,119,-36.157,177.762
S63,Pinus radiata,PIRA_007,138,-36.157,177.762
S63,Pinus radiata,PIRA_008,113,-36.157,177.762
S63,Pinus radiata,PIRA_009,125,-36.157,177.762
S63,Pinus radiata,PIRA_010,154,-36.157,177.762
S63,Pinus radiata,PIRA_011,129,-36.157,177.762
S64,Pinus ponderosa,PIPO_001,395,35.953,-107.293
S64,Pinus ponderosa,PIPO_002,320,35.953,-107.293
S64,Pinus ponderosa,PIPO_003,422,35.953,-107.293
S64,Pinus ponderosa,PIPO_004,362,35.953,-107.293
S64,Pinus ponderosa,PIPO_005,363,35.953,-107.293
S64,Pinus ponderosa,PIPO_006,406,35.953,-107.293
S64,Pinus ponderosa,PIPO_007,406,35.953,-107.293
S64,Pinus ponderosa,PIPO_008,345,35.953,-107.293
S64,Pinus ponderosa,PIPO_009,408,35.953,-107.293
S64,Pinus ponderosa,PIPO_010,351,35.953,-107.293
S64,Pinus ponderosa,PIPO_011,450,35.953,-107.293
S64,Pinus ponderosa,PIPO_012,340,35.953,-107.293
S64,Pinus ponderosa,PIPO_013,384,35.953,-107.293
S64,Pinus ponderosa,PIPO_014,342,35.953,-107.293
S65,Pinus nigra,PINI_001,200,39.287,18.152
S65,Pinus nigra,PINI_002,215,39.287,18.152
S65,Pinus nigra,PINI_003,228,39.287,18.152
S65,Pinus nigra,PINI_004,213,39.287,18.152
S65,Pinus nigra,PINI_005,261,39.287,18.152
S66,Cedrus libani,CELI_001,245,33.383,35.197
S66,Cedrus libani,CELI_002,291,33.383,35.197
S66,Cedrus libani,CELI_003,286,33.383,35.197
S66,Cedrus libani,CELI_004,312,33.383,35.197
S66,Cedrus libani,CELI_005,341,33.383,35.197
S66,Cedrus libani,CELI_006,276,33.383,35.197
S66,Cedrus libani,CELI_007,258,33.383,35.197
S66,Cedrus libani,CELI_008,287,33.383,35.197
S66,Cedrus libani,CELI_009,350,33.383,35.197
S66,Cedrus libani,CELI_010,271,33.383,35.197
S67,Pinus nigra,PINI_001,247,39.174,24.714
S67,Pinus nigra,PINI_002,248,39.174,24.714
S67,Pinus nigra,PINI_003,213,39.174,24.714
S67,Pinus nigra,PINI_004,226,39.174,24.714
S67,Pinus nigra,PINI_005,240,39.174,24.714
S67,Pinus nigra,PINI_006,231,39.174,24.714
S67,Pinus nigra,PINI_007,215,39.174,24.714
S67,Pinus nigra,PINI_008,207,39.174,24.714
S67,Pinus nigra,PINI_009,234,39.174,24.714
S67,Pinus nigra,PINI_010,238,39.174,24.714
S68,Quercus ilex,QUIL_001,182,44.034,-1.309
S68,Quercus ilex,QUIL_002,145,44.034,-1.309
S68,Quercus ilex,QUIL_003,150,44.034,-1.309
S68,Quercus ilex,QUIL_004,152,44.034,-1.309
S68,Quercus ilex,QUIL_005,157,44.034,-1.309
S68,Quercus ilex,QUIL_006,149,44.034,-1.309
S68,Quercus ilex,QUIL_007,160,44.034,-1.309
S68,Quercus ilex,QUIL_008,151,44.034,-1.309
S68,Quercus ilex,QUIL_009,169,44.034,-1.309
S68,Quercus ilex,QUIL_010,173,44.034,-1.309
S68,Quercus ilex,QUIL_011,161,44.034,-1.309
S68,Quercus ilex,QUIL_012,166,44.034,-1.309
S68,Quercus ilex,QUIL_013,188,44.034,-1.309
S69,Pinus nigra,PINI_001,197,41.176,21.804
S69,Pinus nigra,PINI_002,216,41.176,21.804
S69,Pinus nigra,PINI_003,217,41.176,21.804
S69,Pinus nigra,PINI_004,211,41.176,21.804
S69,Pinus nigra,PINI_005,187,41.176,21.804
S69,Pinus nigra,PINI_006,209,41.176,21.804
S69,Pinus nigra,PINI_007,206,41.176,21.804
S69,Pinus nigra,PINI_008,222,41.176,21.804
S69,Pinus nigra,PINI_009,221,41.176,21.804
S69,Pinus nigra,PINI_010,226,41.176,21.804
S69,Pinus nigra,PINI_011,208,41.176,21.804
S69,Pinus nigra,PINI_012,228,41.176,21.804
S69,Pinus nigra,PINI_013,194,41.176,21.804
S69,Pinus nigra,PINI_014,189,41.176,21.804
S69,Pinus nigra,PINI_015,181,41.176,21.804
S69,Pinus nigra,PINI_016,211,41.176,21.804
S69,Pinus nigra,PINI_017,207,41.176,21.804
S70,Betula papyrifera,BEPA_001,176,48.109,-95.786
S70,Betula papyrifera,BEPA_002,199,48.109,-95.786
S70,Betula papyrifera,BEPA_003,170,48.109,-95.786
S70,Betula papyrifera,BEPA_004,167,48.109,-95.786
S70,Betula papyrifera,BEPA_005,160,48.109,-95.786
S70,Betula papyrifera,BEPA_006,167,48.109,-95.786
S70,Betula papyrifera,BEPA_007,162,48.109,-95.786
S70,Betula papyrifera,BEPA_008,175,48.109,-95.786
S70,Betula papyrifera,BEPA_009,179,48.109,-95.786
S70,Betula papyrifera,BEPA_010,153,48.109,-95.786
S70,Betula papyrifera,BEPA_011,145,48.109,-95.786
S70,Betula papyrifera,BEPA_012,137,48.109,-95.786
S70,Betula papyrifera,BEPA_013,172,48.109,-95.786
S70,Betula papyrifera,BEPA_014,148,48.109,-95.786
S70,Betula papyrifera,BEPA_015,132,48.109,-95.786
S70,Betula papyrifera,BEPA_016,170,48.109,-95.786
S70,Betula papyrifera,BEPA_017,202,48.109,-95.786
S70,Betula papyrifera,BEPA_018,164,48.109,-95.786
S71,Pinus ponderosa,PIPO_001,409,41.571,-121.384
S71,Pinus ponderosa,PIPO_002,291,41.571,-121.384
S71,Pinus ponderosa,PIPO_003,425,41.571,-121.384
S71,Pinus ponderosa,PIPO_004,270,41.571,-121.384
S71,Pinus ponderosa,PIPO_005,376,41.571,-121.384
S71,Pinus ponderosa,PIPO_006,466,41.571,-121.384
S71,Pinus ponderosa,PIPO_007,403,41.571,-121.384
S71,Pinus ponderosa,PIPO_008,390,41.571,-121.384
S71,Pinus ponderosa,PIPO_009,458,41.571,-121.384
S71,Pinus ponderosa,PIPO_010,345,41.571,-121.384
S72,Acer saccharum,ACSA_001,217,43.824,-75.598
S72,Acer saccharum,ACSA_002,201,43.824,-75.598
S72,Acer saccharum,ACSA_003,206,43.824,-75.598
S72,Acer saccharum,ACSA_004,190,43.824,-75.598
S72,Acer saccharum,ACSA_005,204,43.824,-75.598
S72,Acer saccharum,ACSA_006,192,43.824,-75.598
S72,Acer saccharum,ACSA_007,231,43.824,-75.598
S72,Acer saccharum,ACSA_008,210,43.824,-75.598
S72,Acer saccharum,ACSA_009,212,43.824,-75.598
S72,Acer saccharum,ACSA_010,206,43.824,-75.598
S72,Acer saccharum,ACSA_011,213,43.824,-75.598
S73,Quercus ilex,QUIL_001,172,41.26,-2.734
S73,Quercus ilex,QUIL_002,138,41.26,-2.734
S73,Quercus ilex,QUIL_003,153,41.26,-2.734
S73,Quercus ilex,QUIL_004,172,41.26,-2.734
S73,Quercus ilex,QUIL_005,149,41.26,-2.734
S73,Quercus ilex,QUIL_006,164,41.26,-2.734
S73,Quercus ilex,QUIL_007,172,41.26,-2.734
S73,Quercus ilex,QUIL_008,120,41.26,-2.734
S73,Quercus ilex,QUIL_009,158,41.26,-2.734
S73,Quercus ilex,QUIL_010,159,41.26,-2.734
S74,Tsuga canadensis,TSCA_001,217,46.037,-72.456
S74,Tsuga canadensis,TSCA_002,236,46.037,-72.456
S74,Tsuga canadensis,TSCA_003,222,46.037,-72.456
S74,Tsuga canadensis,TSCA_004,154,46.037,-72.456
S74,Tsuga canadensis,TSCA_005,188,46.037,-72.456
S74,Tsuga canadensis,TSCA_006,215,46.037,-72.456
S74,Tsuga canadensis,TSCA_007,179,46.037,-72.456
S74,Tsuga canadensis,TSCA_008,239,46.037,-72.456
S74,Tsuga canadensis,TSCA_009,271,46.037,-72.456
S74,Tsuga canadensis,TSCA_010,260,46.037,-72.456
S74,Tsuga canadensis,TSCA_011,212,46.037,-72.456
S74,Tsuga canadensis,TSCA_012,269,46.037,-72.456
S74,Tsuga canadensis,TSCA_013,224,46.037,-72.456
S74,Tsuga canadensis,TSCA_014,208,46.037,-72.456
S74,Tsuga canadensis,TSCA_015,199,46.037,-72.456
S74,Tsuga canadensis,TSCA_016,209,46.037,-72.456
S75,Pinus sylvestris,PISY_001,351,56.286,11.397
S75,Pinus sylvestris,PISY_002,370,56.286,11.397
S75,Pinus sylvestris,PISY_003,277,56.286,11.397
S75,Pinus sylvestris,PISY_004,340,56.286,11.397
S75,Pinus sylvestris,PISY_005,295,56.286,11.397
S75,Pinus sylvestris,PISY_006,296,56.286,11.397
S75,Pinus sylvestris,PISY_007,336,56.286,11.397
S75,Pinus sylvestris,PISY_008,285,56.286,11.397
S75,Pinus sylvestris,PISY_009,335,56.286,11.397
S75,Pinus sylvestris,PISY_010,344,56.286,11.397
S75,Pinus sylvestris,PISY_011,305,56.286,11.397
S75,Pinus sylvestris,PISY_012,364,56.286,11.397
S75,Pinus sylvestris,PISY_013,277,56.286,11.397
S75,Pinus sylvestris,PISY_014,364,56.286,11.397
S75,Pinus sylvestris,PISY_015,255,56.286,11.397
S75,Pinus sylvestris,PISY_016,409,56.286,11.397
S75,Pinus sylvestris,PISY_017,306,56.286,11.397
S75,Pinus sylvestris,PISY_018,281,56.286,11.397
S75,Pinus sylvestris,PISY_019,312,56.286,11.397
S75,Pinus sylvestris,PISY_020,285,56.286,11.397
S76,Pseudotsuga menziesii,PSME_001,410,47.24,-121.704
S76,Pseudotsuga menziesii,PSME_002,341,47.24,-121.704
S76,Pseudotsuga menziesii,PSME_003,379,47.24,-121.704
S76,Pseudotsuga menziesii,PSME_004,328,47.24,-121.704
S76,Pseudotsuga menziesii,PSME_005,333,47.24,-121.704
S76,Pseudotsuga menziesii,PSME_006,373,47.24,-121.704
S76,Pseudotsuga menziesii,PSME_007,293,47.24,-121.704
S76,Pseudotsuga menziesii,PSME_008,460,47.24,-121.704
S76,Pseudotsuga menziesii,PSME_009,325,47.24,-121.704
S76,Pseudotsuga menziesii,PSME_010,373,47.24,-121.704
S77,Betula pendula,BEPE_001,165,61.227,30.209
S77,Betula pendula,BEPE_002,136,61.227,30.209
S77,Betula pendula,BEPE_003,161,61.227,30.209
S77,Betula pendula,BEPE_004,173,61.227,30.209
S77,Betula pendula,BEPE_005,150,61.227,30.209
S77,Betula pendula,BEPE_006,170,61.227,30.209
S77,Betula pendula,BEPE_007,159,61.227,30.209
S77,Betula pendula,BEPE_008,144,61.227,30.209
S78,Quercus ilex,QUIL_001,151,40.206,4.061
S78,Quercus ilex,QUIL_002,184,40.206,4.061
S78,Quercus ilex,QUIL_003,169,40.206,4.061
S78,Quercus ilex,QUIL_004,153,40.206,4.061
S78,Quercus ilex,QUIL_005,188,40.206,4.061
S78,Quercus ilex,QUIL_006,151,40.206,4.061
S78,Quercus ilex,QUIL_007,169,40.206,4.061
S78,Quercus ilex,QUIL_008,163,40.206,4.061
S78,Quercus ilex,QUIL_009,177,40.206,4.061
S78,Quercus ilex,QUIL_010,180,40.206,4.061
S78,Quercus ilex,QUIL_011,160,40.206,4.061
S78,Quercus ilex,QUIL_012,149,40.206,4.061
S78,Quercus ilex,QUIL_013,166,40.206,4.061
S79,Pinus sylvestris,PISY_001,297,59.489,15.379
S79,Pinus sylvestris,PISY_002,299,59.489,15.379
S79,Pinus sylvestris,PISY_003,317,59.489,15.379
S79,Pinus sylvestris,PISY_004,356,59.489,15.379
S79,Pinus sylvestris,PISY_005,339,59.489,15.379
S80,Acer saccharum,ACSA_001,196,42.989,-73.84
S80,Acer saccharum,ACSA_002,231,42.989,-73.84
S80,Acer saccharum,ACSA_003,193,42.989,-73.84
S80,Acer saccharum,ACSA_004,187,42.989,-73.84
S80,Acer saccharum,ACSA_005,221,42.989,-73.84
S80,Acer saccharum,ACSA_006,229,42.989,-73.84
S80,Acer saccharum,ACSA_007,202,42.989,-73.84
S81,Betula papyrifera,BEPA_001,158,47.391,-95.953
S81,Betula papyrifera,BEPA_002,183,47.391,-95.953
S81,Betula papyrifera,BEPA_003,167,47.391,-95.953
S81,Betula papyrifera,BEPA_004,163,47.391,-95.953
S81,Betula papyrifera,BEPA_005,154,47.391,-95.953
S81,Betula papyrifera,BEPA_006,165,47.391,-95.953
S81,Betula papyrifera,BEPA_007,152,47.391,-95.953
S81,Betula papyrifera,BEPA_008,167,47.391,-95.953
S81,Betula papyrifera,BEPA_009,168,47.391,-95.953
S82,Picea abies,PIAB_001,242,57.997,10.217
S82,Picea abies,PIAB_002,320,57.997,10.217
S82,Picea abies,PIAB_003,271,57.997,10.217
S82,Picea abies,PIAB_004,273,57.997,10.217
S82,Picea abies,PIAB_005,315,57.997,10.217
S82,Picea abies,PIAB_006,294,57.997,10.217
S82,Picea abies,PIAB_007,292,57.997,10.217
S82,Picea abies,PIAB_008,337,57.997,10.217
S82,Picea abies,PIAB_009,262,57.997,10.217
S82,Picea abies,PIAB_010,304,57.997,10.217
S82,Picea abies,PIAB_011,281,57.997,10.217
S82,Picea abies,PIAB_012,287,57.997,10.217
S83,Pinus longaeva,PILO_001,953,37.918,-113.028
S83,Pinus longaeva,PILO_002,1019,37.918,-113.028
S83,Pinus longaeva,PILO_003,860,37.918,-113.028
S83,Pinus longaeva,PILO_004,980,37.918,-113.028
S83,Pinus longaeva,PILO_005,880,37.918,-113.028
S83,Pinus longaeva,PILO_006,966,37.918,-113.028
S83,Pinus longaeva,PILO_007,1021,37.918,-113.028
S83,Pinus longaeva,PILO_008,772,37.918,-113.028
S83,Pinus longaeva,PILO_009,857,37.918,-113.028
S84,Pseudotsuga menziesii,PSME_001,359,45.762,-121.004
S84,Pseudotsuga menziesii,PSME_002,354,45.762,-121.004
S84,Pseudotsuga menziesii,PSME_003,361,45.762,-121.004
S84,Pseudotsuga menziesii,PSME_004,383,45.762,-121.004
S84,Pseudotsuga menziesii,PSME_005,368,45.762,-121.004
S84,Pseudotsuga menziesii,PSME_006,319,45.762,-121.004
S84,Pseudotsuga menziesii,PSME_007,413,45.762,-121.004
S84,Pseudotsuga menziesii,PSME_008,387,45.762,-121.004
S85,Betula pendula,BEPE_001,158,58.586,33.501
S85,Betula pendula,BEPE_002,159,58.586,33.501
S85,Betula pendula,BEPE_003,130,58.586,33.501
S85,Betula pendula,BEPE_004,136,58.586,33.501
S85,Betula pendula,BEPE_005,164,58.586,33.501
S86,Pinus sylvestris,PISY_001,336,53.808,16.127
S86,Pinus sylvestris,PISY_002,344,53.808,16.127
S86,Pinus sylvestris,PISY_003,342,53.808,16.127
S86,Pinus sylvestris,PISY_004,359,53.808,16.127
S86,Pinus sylvestris,PISY_005,326,53.808,16.127
S86,Pinus sylvestris,PISY_006,276,53.808,16.127
S86,Pinus sylvestris,PISY_007,333,53.808,16.127
S86,Pinus sylvestris,PISY_008,298,53.808,16.127
S86,Pinus sylvestris,PISY_009,302,53.808,16.127
S86,Pinus sylvestris,PISY_010,339,53.808,16.127
S86,Pinus sylvestris,PISY_011,361,53.808,16.127
S86,Pinus sylvestris,PISY_012,320,53.808,16.127
S86,Pinus sylvestris,PISY_013,330,53.808,16.127
S86,Pinus sylvestris,PISY_014,376,53.808,16.127
S86,Pinus sylvestris,PISY_015,328,53.808,16.127
S86,Pinus sylvestris,PISY_016,406,53.808,16.127
S86,Pinus sylvestris,PISY_017,338,53.808,16.127
S86,Pinus sylvestris,PISY_018,261,53.808,16.127
S87,Nothofagus pumilio,NOPU_001,172,-41.354,-71.825
S87,Nothofagus pumilio,NOPU_002,155,-41.354,-71.825
S87,Nothofagus pumilio,NOPU_003,167,-41.354,-71.825
S87,Nothofagus pumilio,NOPU_004,186,-41.354,-71.825
S87,Nothofagus pumilio,NOPU_005,173,-41.354,-71.825
S87,Nothofagus pumilio,NOPU_006,149,-41.354,-71.825
S87,Nothofagus pumilio,NOPU_007,179,-41.354,-71.825
S87,Nothofagus pumilio,NOPU_008,182,-41.354,-71.825
S87,Nothofagus pumilio,NOPU_009,164,-41.354,-71.825
S87,Nothofagus pumilio,NOPU_010,180,-41.354,-71.825
S87,Nothofagus pumilio,NOPU_011,174,-41.354,-71.825
S87,Nothofagus pumilio,NOPU_012,166,-41.354,-71.825
S87,Nothofagus pumilio,NOPU_013,148,-41.354,-71.825
S87,Nothofagus pumilio,NOPU_014,187,-41.354,-71.825
S87,Nothofagus pumilio,NOPU_015,182,-41.354,-71.825
S87,Nothofagus pumilio,NOPU_016,179,-41.354,-71.825
S87,Nothofagus pumilio,NOPU_017,195,-41.354,-71.825
S88,Sequoia sempervirens,SESE_001,728,39.503,-122.272
S88,Sequoia sempervirens,SESE_002,673,39.503,-122.272
S88,Sequoia sempervirens,SESE_003,771,39.503,-122.272
S88,Sequoia sempervirens,SESE_004,529,39.503,-122.272
S88,Sequoia sempervirens,SESE_005,557,39.503,-122.272
S88,Sequoia sempervirens,SESE_006,612,39.503,-122.272
S88,Sequoia sempervirens,SESE_007,581,39.503,-122.272
S88,Sequoia sempervirens,SESE_008,581,39.503,-122.272
S88,Sequoia sempervirens,SESE_009,475,39.503,-122.272
S88,Sequoia sempervirens,SESE_010,699,39.503,-122.272
S88,Sequoia sempervirens,SESE_011,678,39.503,-122.272
S88,Sequoia sempervirens,SESE_012,508,39.503,-122.272
S88,Sequoia sempervirens,SESE_013,771,39.503,-122.272
S88,Sequoia sempervirens,SESE_014,790,39.503,-122.272
S88,Sequoia sempervirens,SESE_015,587,39.503,-122.272
S88,Sequoia sempervirens,SESE_016,747,39.503,-122.272
S88,Sequoia sempervirens,SESE_017,602,39.503,-122.272
S88,Sequoia sempervirens,SESE_018,665,39.503,-122.272
S88,Sequoia sempervirens,SESE_019,580,39.503,-122.272
S88,Sequoia sempervirens,SESE_020,834,39.503,-122.272
S89,Pinus contorta,PICO_001,234,51.277,-115.822
S89,Pinus contorta,PICO_002,235,51.277,-115.822
S89,Pinus contorta,PICO_003,233,51.277,-115.822
S89,Pinus contorta,PICO_004,235,51.277,-115.822
S89,Pinus contorta,PICO_005,242,51.277,-115.822
S89,Pinus contorta,PICO_006,290,51.277,-115.822
S89,Pinus contorta,PICO_007,233,51.277,-115.822
S89,Pinus contorta,PICO_008,233,51.277,-115.822
S89,Pinus contorta,PICO_009,241,51.277,-115.822
S89,Pinus contorta,PICO_010,261,51.277,-115.822
S89,Pinus contorta,PICO_011,211,51.277,-115.822
S89,Pinus contorta,PICO_012,249,51.277,-115.822
S90,Cedrus libani,CELI_001,270,34.593,36.912
S90,Cedrus libani,CELI_002,306,34.593,36.912
S90,Cedrus libani,CELI_003,312,34.593,36.912
S90,Cedrus libani,CELI_004,292,34.593,36.912
S90,Cedrus libani,CELI_005,324,34.593,36.912
S90,Cedrus libani,CELI_006,263,34.593,36.912
S90,Cedrus libani,CELI_007,285,34.593,36.912
S90,Cedrus libani,CELI_008,273,34.593,36.912
S90,Cedrus libani,CELI_009,246,34.593,36.912
S90,Cedrus libani,CELI_010,288,34.593,36.912
S90,Cedrus libani,CELI_011,287,34.593,36.912
S90,Cedrus libani,CELI_012,325,34.593,36.912
S90,Cedrus libani,CELI_013,304,34.593,36.912
S90,Cedrus libani,CELI_014,266,34.593,36.912
S90,Cedrus libani,CELI_015,333,34.593,36.912
S90,Cedrus libani,CELI_016,318,34.593,36.912
S91,Larix decidua,LADE_001,307,49.346,11.893
S91,Larix decidua,LADE_002,315,49.346,11.893
S91,Larix decidua,LADE_003,316,49.346,11.893
S91,Larix decidua,LADE_004,300,49.346,11.893
S91,Larix decidua,LADE_005,291,49.346,11.893
S91,Larix decidua,LADE_006,305,49.346,11.893
S91,Larix decidua,LADE_007,264,49.346,11.893
S91,Larix decidua,LADE_008,340,49.346,11.893
S91,Larix decidua,LADE_009,340,49.346,11.893
S91,Larix decidua,LADE_010,302,49.346,11.893
S91,Larix decidua,LADE_011,295,49.346,11.893
S91,Larix decidua,LADE_012,277,49.346,11.893
S91,Larix decidua,LADE_013,305,49.346,11.893
S91,Larix decidua,LADE_014,269,49.346,11.893
S91,Larix decidua,LADE_015,223,49.346,11.893
S92,Fagus sylvatica,FASY_001,201,49.928,1.31
S92,Fagus sylvatica,FASY_002,230,49.928,1.31
S92,Fagus sylvatica,FASY_003,184,49.928,1.31
S92,Fagus sylvatica,FASY_004,204,49.928,1.31
S92,Fagus sylvatica,FASY_005,208,49.928,1.31
S92,Fagus sylvatica,FASY_006,198,49.928,1.31
S92,Fagus sylvatica,FASY_007,152,49.928,1.31
S92,Fagus sylvatica,FASY_008,202,49.928,1.31
S93,Acer saccharum,ACSA_001,202,43.29,-78.581
S93,Acer saccharum,ACSA_002,204,43.29,-78.581
S93,Acer saccharum,ACSA_003,222,43.29,-78.581
S93,Acer saccharum,ACSA_004,207,43.29,-78.581
S93,Acer saccharum,ACSA_005,204,43.29,-78.581
S93,Acer saccharum,ACSA_006,209,43.29,-78.581
S93,Acer saccharum,ACSA_007,224,43.29,-78.581
S93,Acer saccharum,ACSA_008,198,43.29,-78.581
S93,Acer saccharum,ACSA_009,208,43.29,-78.581
S93,Acer saccharum,ACSA_010,214,43.29,-78.581
S93,Acer saccharum,ACSA_011,229,43.29,-78.581
S93,Acer saccharum,ACSA_012,206,43.29,-78.581
S93,Acer saccharum,ACSA_013,198,43.29,-78.581
S94,Pinus sylvestris,PISY_001,303,53.711,32.056
S94,Pinus sylvestris,PISY_002,239,53.711,32.056
S94,Pinus sylvestris,PISY_003,349,53.711,32.056
S94,Pinus sylvestris,PISY_004,344,53.711,32.056
S94,Pinus sylvestris,PISY_005,310,53.711,32.056
S94,Pinus sylvestris,PISY_006,322,53.711,32.056
S94,Pinus sylvestris,PISY_007,337,53.711,32.056
S94,Pinus sylvestris,PISY_008,267,53.711,32.056
S95,Nothofagus pumilio,NOPU_001,161,-39.355,-69.934
S95,Nothofagus pumilio,NOPU_002,176,-39.355,-69.934
S95,Nothofagus pumilio,NOPU_003,169,-39.355,-69.934
S95,Nothofagus pumilio,NOPU_004,177,-39.355,-69.934
S95,Nothofagus pumilio,NOPU_005,158,-39.355,-69.934
S95,Nothofagus pumilio,NOPU_006,160,-39.355,-69.934
S95,Nothofagus pumilio,NOPU_007,152,-39.355,-69.934
S95,Nothofagus pumilio,NOPU_008,175,-39.355,-69.934
S95,Nothofagus pumilio,NOPU_009,167,-39.355,-69.934
S95,Nothofagus pumilio,NOPU_010,156,-39.355,-69.934
S95,Nothofagus pumilio,NOPU_011,167,-39.355,-69.934
S95,Nothofagus pumilio,NOPU_012,177,-39.355,-69.934
S95,Nothofagus pumilio,NOPU_013,201,-39.355,-69.934
S96,Picea mariana,PIMA_001,283,55.367,-104.759
S96,Picea mariana,PIMA_002,293,55.367,-104.759
S96,Picea mariana,PIMA_003,298,55.367,-104.759
S96,Picea mariana,PIMA_004,332,55.367,-104.759
S96,Picea mariana,PIMA_005,288,55.367,-104.759
S96,Picea mariana,PIMA_006,270,55.367,-104.759
S96,Picea mariana,PIMA_007,260,55.367,-104.759
S96,Picea mariana,PIMA_008,288,55.367,-104.759
S96,Picea mariana,PIMA_009,279,55.367,-104.759
S96,Picea mariana,PIMA_010,336,55.367,-104.759
S96,Picea mariana,PIMA_011,331,55.367,-104.759
S96,Picea mariana,PIMA_012,265,55.367,-104.759
S97,Acer saccharum,ACSA_001,225,41.92,-78.821
S97,Acer saccharum,ACSA_002,198,41.92,-78.821
S97,Acer saccharum,ACSA_003,204,41.92,-78.821
S97,Acer saccharum,ACSA_004,196,41.92,-78.821
S97,Acer saccharum,ACSA_005,174,41.92,-78.821
S97,Acer saccharum,ACSA_006,209,41.92,-78.821
S97,Acer saccharum,ACSA_007,212,41.92,-78.821
S97,Acer saccharum,ACSA_008,227,41.92,-78.821
S97,Acer saccharum,ACSA_009,223,41.92,-78.821
S97,Acer saccharum,ACSA_010,223,41.92,-78.821
S98,Fagus sylvatica,FASY_001,210,49.733,6.156
S98,Fagus sylvatica,FASY_002,200,49.733,6.156
S98,Fagus sylvatica,FASY_003,199,49.733,6.156
S98,Fagus sylvatica,FASY_004,176,49.733,6.156
S98,Fagus sylvatica,FASY_005,221,49.733,6.156
S98,Fagus sylvatica,FASY_006,203,49.733,6.156
S98,Fagus sylvatica,FASY_007,201,49.733,6.156
S98,Fagus sylvatica,FASY_008,260,49.733,6.156
S98,Fagus sylvatica,FASY_009,210,49.733,6.156
S98,Fagus sylvatica,FASY_010,191,49.733,6.156
S98,Fagus sylvatica,FASY_011,197,49.733,6.156
S98,Fagus sylvatica,FASY_012,226,49.733,6.156
S98,Fagus sylvatica,FASY_013,207,49.733,6.156
S98,Fagus sylvatica,FASY_014,178,49.733,6.156
S98,Fagus sylvatica,FASY_015,221,49.733,6.156
S98,Fagus sylvatica,FASY_016,192,49.733,6.156
S98,Fagus sylvatica,FASY_017,239,49.733,6.156
S98,Fagus sylvatica,FASY_018,224,49.733,6.156
S98,Fagus sylvatica,FASY_019,196,49.733,6.156
S99,Nothofagus pumilio,NOPU_001,191,-43.181,-69.563
S99,Nothofagus pumilio,NOPU_002,170,-43.181,-69.563
S99,Nothofagus pumilio,NOPU_003,185,-43.181,-69.563
S99,Nothofagus pumilio,NOPU_004,203,-43.181,-69.563
S99,Nothofagus pumilio,NOPU_005,139,-43.181,-69.563
S99,Nothofagus pumilio,NOPU_006,176,-43.181,-69.563
S99,Nothofagus pumilio,NOPU_007,151,-43.181,-69.563
S99,Nothofagus pumilio,NOPU_008,183,-43.181,-69.563
S99,Nothofagus pumilio,NOPU_009,165,-43.181,-69.563
S99,Nothofagus pumilio,NOPU_010,170,-43.181,-69.563
S99,Nothofagus pumilio,NOPU_011,148,-43.181,-69.563
S99,Nothofagus pumilio,NOPU_012,162,-43.181,-69.563
S99,Nothofagus pumilio,NOPU_013,171,-43.181,-69.563
S99,Nothofagus pumilio,NOPU_014,192,-43.181,-69.563
S99,Nothofagus pumilio,NOPU_015,156,-43.181,-69.563
S99,Nothofagus pumilio,NOPU_016,160,-43.181,-69.563
S99,Nothofagus pumilio,NOPU_017,185,-43.181,-69.563
S99,Nothofagus pumilio,NOPU_018,155,-43.181,-69.563
S99,Nothofagus pumilio,NOPU_019,189,-43.181,-69.563
S99,Nothofagus pumilio,NOPU_020,169,-43.181,-69.563
S100,Acer saccharum,ACSA_001,215,46.894,-79.26
S100,Acer saccharum,ACSA_002,229,46.894,-79.26
S100,Acer saccharum,ACSA_003,233,46.894,-79.26
S100,Acer saccharum,ACSA_004,190,46.894,-79.26
S100,Acer saccharum,ACSA_005,205,46.894,-79.26
S100,Acer saccharum,ACSA_006,210,46.894,-79.26
S100,Acer saccharum,ACSA_007,205,46.894,-79.26
S100,Acer saccharum,ACSA_008,239,46.894,-79.26
S100,Acer saccharum,ACSA_009,213,46.894,-79.26
S101,Quercus robur,QURO_001,195,51.814,19.723
S101,Quercus robur,QURO_002,181,51.814,19.723
S101,Quercus robur,QURO_003,213,51.814,19.723
S101,Quercus robur,QURO_004,200,51.814,19.723
S101,Quercus robur,QURO_005,210,51.814,19.723
S101,Quercus robur,QURO_006,197,51.814,19.723
S102,Picea mariana,PIMA_001,320,54.899,-102.844
S102,Picea mariana,PIMA_002,287,54.899,-102.844
S102,Picea mariana,PIMA_003,240,54.899,-102.844
S102,Picea mariana,PIMA_004,275,54.899,-102.844
S102,Picea mariana,PIMA_005,320,54.899,-102.844
S102,Picea mariana,PIMA_006,289,54.899,-102.844
S102,Picea mariana,PIMA_007,266,54.899,-102.844
S102,Picea mariana,PIMA_008,278,54.899,-102.844
S102,Picea mariana,PIMA_009,309,54.899,-102.844
S102,Picea mariana,PIMA_010,302,54.899,-102.844
S102,Picea mariana,PIMA_011,284,54.899,-102.844
S102,Picea mariana,PIMA_012,281,54.899,-102.844
S102,Picea mariana,PIMA_013,280,54.899,-102.844
S103,Quercus petraea,QUPE_001,188,46.285,-1.241
S103,Quercus petraea,QUPE_002,213,46.285,-1.241
S103,Quercus petraea,QUPE_003,182,46.285,-1.241
S103,Quercus petraea,QUPE_004,240,46.285,-1.241
S103,Quercus petraea,QUPE_005,175,46.285,-1.241
S103,Quercus petraea,QUPE_006,219,46.285,-1.241
S103,Quercus petraea,QUPE_007,216,46.285,-1.241
S103,Quercus petraea,QUPE_008,196,46.285,-1.241
S103,Quercus petraea,QUPE_009,217,46.285,-1.241
S103,Quercus petraea,QUPE_010,199,46.285,-1.241
S103,Quercus petraea,QUPE_011,192,46.285,-1.241
S103,Quercus petraea,QUPE_012,213,46.285,-1.241
S103,Quercus petraea,QUPE_013,186,46.285,-1.241
S103,Quercus petraea,QUPE_014,200,46.285,-1.241
S103,Quercus petraea,QUPE_015,194,46.285,-1.241
S103,Quercus petraea,QUPE_016,198,46.285,-1.241
S103,Quercus petraea,QUPE_017,212,46.285,-1.241
S103,Quercus petraea,QUPE_018,194,46.285,-1.241
S103,Quercus petraea,QUPE_019,201,46.285,-1.241
S104,Pinus sylvestris,PISY_001,354,64.233,30.417
S104,Pinus sylvestris,PISY_002,276,64.233,30.417
S104,Pinus sylvestris,PISY_003,344,64.233,30.417
S104,Pinus sylvestris,PISY_004,342,64.233,30.417
S104,Pinus sylvestris,PISY_005,279,64.233,30.417
S104,Pinus sylvestris,PISY_006,347,64.233,30.417
S104,Pinus sylvestris,PISY_007,329,64.233,30.417
S104,Pinus sylvestris,PISY_008,341,64.233,30.417
S104,Pinus sylvestris,PISY_009,287,64.233,30.417
S104,Pinus sylvestris,PISY_010,325,64.233,30.417
S104,Pinus sylvestris,PISY_011,263,64.233,30.417
S104,Pinus sylvestris,PISY_012,244,64.233,30.417
S104,Pinus sylvestris,PISY_013,324,64.233,30.417
S105,Eucalyptus globulus,EUGL_001,127,-43.288,148.097
S105,Eucalyptus globulus,EUGL_002,130,-43.288,148.097
S105,Eucalyptus globulus,EUGL_003,110,-43.288,148.097
S105,Eucalyptus globulus,EUGL_004,110,-43.288,148.097
S105,Eucalyptus globulus,EUGL_005,114,-43.288,148.097
S105,Eucalyptus globulus,EUGL_006,110,-43.288,148.097
S105,Eucalyptus globulus,EUGL_007,114,-43.288,148.097
S106,Juniperus communis,JUCO_001,221,60.696,27.542
S106,Juniperus communis,JUCO_002,202,60.696,27.542
S106,Juniperus communis,JUCO_003,218,60.696,27.542
S106,Juniperus communis,JUCO_004,205,60.696,27.542
S106,Juniperus communis,JUCO_005,222,60.696,27.542
S106,Juniperus communis,JUCO_006,220,60.696,27.542
S106,Juniperus communis,JUCO_007,194,60.696,27.542
S106,Juniperus communis,JUCO_008,228,60.696,27.542
S106,Juniperus communis,JUCO_009,201,60.696,27.542
S106,Juniperus communis,JUCO_010,223,60.696,27.542
S107,Juniperus communis,JUCO_001,185,62.995,23.589
S107,Juniperus communis,JUCO_002,205,62.995,23.589
S107,Juniperus communis,JUCO_003,181,62.995,23.589
S107,Juniperus communis,JUCO_004,218,62.995,23.589
S107,Juniperus communis,JUCO_005,222,62.995,23.589
S107,Juniperus communis,JUCO_006,195,62.995,23.589
S107,Juniperus communis,JUCO_007,199,62.995,23.589
S107,Juniperus communis,JUCO_008,212,62.995,23.589
S107,Juniperus communis,JUCO_009,190,62.995,23.589
S107,Juniperus communis,JUCO_010,188,62.995,23.589
S107,Juniperus communis,JUCO_011,230,62.995,23.589
S107,Juniperus communis,JUCO_012,211,62.995,23.589
S107,Juniperus communis,JUCO_013,200,62.995,23.589
S107,Juniperus communis,JUCO_014,181,62.995,23.589
S107,Juniperus communis,JUCO_015,224,62.995,23.589
S107,Juniperus communis,JUCO_016,198,62.995,23.589
S107,Juniperus communis,JUCO_017,241,62.995,23.589
S107,Juniperus communis,JUCO_018,224,62.995,23.589
S107,Juniperus communis,JUCO_019,196,62.995,23.589
S108,Picea mariana,PIMA_001,273,56.007,-107.683
S108,Picea mariana,PIMA_002,296,56.007,-107.683
S108,Picea mariana,PIMA_003,304,56.007,-107.683
S108,Picea mariana,PIMA_004,305,56.007,-107.683
S108,Picea mariana,PIMA_005,352,56.007,-107.683
S108,Picea mariana,PIMA_006,247,56.007,-107.683
S108,Picea mariana,PIMA_007,273,56.007,-107.683
S108,Picea mariana,PIMA_008,324,56.007,-107.683
S108,Picea mariana,PIMA_009,281,56.007,-107.683
S108,Picea mariana,PIMA_010,310,56.007,-107.683
S108,Picea mariana,PIMA_011,295,56.007,-107.683
S108,Picea mariana,PIMA_012,339,56.007,-107.683
S108,Picea mariana,PIMA_013,264,56.007,-107.683
S108,Picea mariana,PIMA_014,318,56.007,-107.683
S108,Picea mariana,PIMA_015,330,56.007,-107.683
S108,Picea mariana,PIMA_016,266,56.007,-107.683
S109,Pinus ponderosa,PIPO_001,407,35.249,-114.41
S109,Pinus ponderosa,PIPO_002,359,35.249,-114.41
S109,Pinus ponderosa,PIPO_003,354,35.249,-114.41
S109,Pinus ponderosa,PIPO_004,337,35.249,-114.41
S109,Pinus ponderosa,PIPO_005,336,35.249,-114.41
S109,Pinus ponderosa,PIPO_006,389,35.249,-114.41
S109,Pinus ponderosa,PIPO_007,374,35.249,-114.41
S109,Pinus ponderosa,PIPO_008,349,35.249,-114.41
S109,Pinus ponderosa,PIPO_009,310,35.249,-114.41
S109,Pinus ponderosa,PIPO_010,379,35.249,-114.41
S109,Pinus ponderosa,PIPO_011,355,35.249,-114.41
S110,Pinus sylvestris,PISY_001,305,65.253,33.682
S110,Pinus sylvestris,PISY_002,296,65.253,33.682
S110,Pinus sylvestris,PISY_003,273,65.253,33.682
S110,Pinus sylvestris,PISY_004,317,65.253,33.682
S110,Pinus sylvestris,PISY_005,269,65.253,33.682
S110,Pinus sylvestris,PISY_006,345,65.253,33.682
S110,Pinus sylvestris,PISY_007,322,65.253,33.682
S110,Pinus sylvestris,PISY_008,271,65.253,33.682
S110,Pinus sylvestris,PISY_009,309,65.253,33.682
S110,Pinus sylvestris,PISY_010,294,65.253,33.682
S110,Pinus sylvestris,PISY_011,330,65.253,33.682
S110,Pinus sylvestris,PISY_012,364,65.253,33.682
S110,Pinus sylvestris,PISY_013,257,65.253,33.682
S110,Pinus sylvestris,PISY_014,323,65.253,33.682
S110,Pinus sylvestris,PISY_015,314,65.253,33.682
S111,Pseudotsuga menziesii,PSME_001,402,44.875,-123.873
S111,Pseudotsuga menziesii,PSME_002,410,44.875,-123.873
S111,Pseudotsuga menziesii,PSME_003,351,44.875,-123.873
S111,Pseudotsuga menziesii,PSME_004,418,44.875,-123.873
S111,Pseudotsuga menziesii,PSME_005,378,44.875,-123.873
S111,Pseudotsuga menziesii,PSME_006,356,44.875,-123.873
S111,Pseudotsuga menziesii,PSME_007,377,44.875,-123.873
S111,Pseudotsuga menziesii,PSME_008,362,44.875,-123.873
S111,Pseudotsuga menziesii,PSME_009,379,44.875,-123.873
S112,Acer saccharum,ACSA_001,203,45.173,-74.044
S112,Acer saccharum,ACSA_002,199,45.173,-74.044
S112,Acer saccharum,ACSA_003,187,45.173,-74.044
S112,Acer saccharum,ACSA_004,179,45.173,-74.044
S112,Acer saccharum,ACSA_005,223,45.173,-74.044
S112,Acer saccharum,ACSA_006,206,45.173,-74.044
S112,Acer saccharum,ACSA_007,222,45.173,-74.044
S112,Acer saccharum,ACSA_008,235,45.173,-74.044
S112,Acer saccharum,ACSA_009,225,45.173,-74.044
S112,Acer saccharum,ACSA_010,200,45.173,-74.044
S112,Acer saccharum,ACSA_011,212,45.173,-74.044
S112,Acer saccharum,ACSA_012,199,45.173,-74.044
S112,Acer saccharum,ACSA_013,198,45.173,-74.044
S112,Acer saccharum,ACSA_014,215,45.173,-74.044
S112,Acer saccharum,ACSA_015,196,45.173,-74.044
S113,Quercus petraea,QUPE_001,164,44.504,7.417
S113,Quercus petraea,QUPE_002,208,44.504,7.417
S113,Quercus petraea,QUPE_003,189,44.504,7.417
S113,Quercus petraea,QUPE_004,221,44.504,7.417
S113,Quercus petraea,QUPE_005,207,44.504,7.417
S113,Quercus petraea,QUPE_006,174,44.504,7.417
S114,Juniperus communis,JUCO_001,195,62.673,29.118
S114,Juniperus communis,JUCO_002,212,62.673,29.118
S114,Juniperus communis,JUCO_003,217,62.673,29.118
S114,Juniperus communis,JUCO_004,191,62.673,29.118
S114,Juniperus communis,JUCO_005,233,62.673,29.118
S114,Juniperus communis,JUCO_006,208,62.673,29.118
S114,Juniperus communis,JUCO_007,210,62.673,29.118
S114,Juniperus communis,JUCO_008,221,62.673,29.118
S114,Juniperus communis,JUCO_009,213,62.673,29.118
S114,Juniperus communis,JUCO_010,225,62.673,29.118
S114,Juniperus communis,JUCO_011,214,62.673,29.118
S114,Juniperus communis,JUCO_012,199,62.673,29.118
S114,Juniperus communis,JUCO_013,216,62.673,29.118
S115,Cedrus libani,CELI_001,319,34.248,36.438
S115,Cedrus libani,CELI_002,292,34.248,36.438
S115,Cedrus libani,CELI_003,297,34.248,36.438
S115,Cedrus libani,CELI_004,334,34.248,36.438
S115,Cedrus libani,CELI_005,270,34.248,36.438
S115,Cedrus libani,CELI_006,287,34.248,36.438
S116,Tsuga canadensis,TSCA_001,154,44.434,-74.967
S116,Tsuga canadensis,TSCA_002,244,44.434,-74.967
S116,Tsuga canadensis,TSCA_003,248,44.434,-74.967
S116,Tsuga canadensis,TSCA_004,262,44.434,-74.967
S116,Tsuga canadensis,TSCA_005,235,44.434,-74.967
S116,Tsuga canadensis,TSCA_006,248,44.434,-74.967
S116,Tsuga canadensis,TSCA_007,281,44.434,-74.967
S116,Tsuga canadensis,TSCA_008,195,44.434,-74.967
S116,Tsuga canadensis,TSCA_009,188,44.434,-74.967
S116,Tsuga canadensis,TSCA_010,183,44.434,-74.967
S116,Tsuga canadensis,TSCA_011,211,44.434,-74.967
S116,Tsuga canadensis,TSCA_012,267,44.434,-74.967
S116,Tsuga canadensis,TSCA_013,237,44.434,-74.967
S116,Tsuga canadensis,TSCA_014,236,44.434,-74.967
S116,Tsuga canadensis,TSCA_015,159,44.434,-74.967
S116,Tsuga canadensis,TSCA_016,196,44.434,-74.967
S116,Tsuga canadensis,TSCA_017,158,44.434,-74.967
S116,Tsuga canadensis,TSCA_018,259,44.434,-74.967
S116,Tsuga canadensis,TSCA_019,272,44.434,-74.967
S117,Abies alba,ABAL_001,268,47.421,6.321
S117,Abies alba,ABAL_002,282,47.421,6.321
S117,Abies alba,ABAL_003,320,47.421,6.321
S117,Abies alba,ABAL_004,260,47.421,6.321
S117,Abies alba,ABAL_005,225,47.421,6.321
S118,Picea abies,PIAB_001,271,58.783,10.963
S118,Picea abies,PIAB_002,300,58.783,10.963
S118,Picea abies,PIAB_003,314,58.783,10.963
S118,Picea abies,PIAB_004,317,58.783,10.963
S118,Picea abies,PIAB_005,265,58.783,10.963
S118,Picea abies,PIAB_006,274,58.783,10.963
S118,Picea abies,PIAB_007,235,58.783,10.963
S118,Picea abies,PIAB_008,258,58.783,10.963
S118,Picea abies,PIAB_009,305,58.783,10.963
S119,Betula papyrifera,BEPA_001,189,48.765,-93.115
S119,Betula papyrifera,BEPA_002,169,48.765,-93.115
S119,Betula papyrifera,BEPA_003,182,48.765,-93.115
S119,Betula papyrifera,BEPA_004,150,48.765,-93.115
S119,Betula papyrifera,BEPA_005,167,48.765,-93.115
S119,Betula papyrifera,BEPA_006,148,48.765,-93.115
S120,Nothofagus pumilio,NOPU_001,171,-41.088,-69.413
S120,Nothofagus pumilio,NOPU_002,151,-41.088,-69.413
S120,Nothofagus pumilio,NOPU_003,163,-41.088,-69.413
S120,Nothofagus pumilio,NOPU_004,139,-41.088,-69.413
S120,Nothofagus pumilio,NOPU_005,164,-41.088,-69.413
S120,Nothofagus pumilio,NOPU_006,168,-41.088,-69.413
S120,Nothofagus pumilio,NOPU_007,173,-41.088,-69.413
S120,Nothofagus pumilio,NOPU_008,173,-41.088,-69.413
S120,Nothofagus pumilio,NOPU_009,185,-41.088,-69.413
S120,Nothofagus pumilio,NOPU_010,144,-41.088,-69.413
S120,Nothofagus pumilio,NOPU_011,145,-41.088,-69.413
S120,Nothofagus pumilio,NOPU_012,178,-41.088,-69.413
S120,Nothofagus pumilio,NOPU_013,136,-41.088,-69.413
S120,Nothofagus pumilio,NOPU_014,173,-41.088,-69.413
S121,Quercus alba,QUAL_001,202,38.16,-80.542
S121,Quercus alba,QUAL_002,217,38.16,-80.542
S121,Quercus alba,QUAL_003,214,38.16,-80.542
S121,Quercus alba,QUAL_004,219,38.16,-80.542
S121,Quercus alba,QUAL_005,253,38.16,-80.542
S121,Quercus alba,QUAL_006,242,38.16,-80.542
S122,Pinus nigra,PINI_001,234,37.847,19.449
S122,Pinus nigra,PINI_002,217,37.847,19.449
S122,Pinus nigra,PINI_003,212,37.847,19.449
S122,Pinus nigra,PINI_004,187,37.847,19.449
S122,Pinus nigra,PINI_005,232,37.847,19.449
S122,Pinus nigra,PINI_006,202,37.847,19.449
S122,Pinus nigra,PINI_007,223,37.847,19.449
S122,Pinus nigra,PINI_008,254,37.847,19.449
S122,Pinus nigra,PINI_009,204,37.847,19.449
S122,Pinus nigra,PINI_010,177,37.847,19.449
S122,Pinus nigra,PINI_011,215,37.847,19.449
S122,Pinus nigra,PINI_012,238,37.847,19.449
S122,Pinus nigra,PINI_013,252,37.847,19.449
S122,Pinus nigra,PINI_014,199,37.847,19.449
S123,Pinus radiata,PIRA_001,130,-37.756,178.08
S123,Pinus radiata,PIRA_002,125,-37.756,178.08
S123,Pinus radiata,PIRA_003,124,-37.756,178.08
S123,Pinus radiata,PIRA_004,131,-37.756,178.08
S123,Pinus radiata,PIRA_005,128,-37.756,178.08
S123,Pinus radiata,PIRA_006,128,-37.756,178.08
S123,Pinus radiata,PIRA_007,113,-37.756,178.08
S123,Pinus radiata,PIRA_008,105,-37.756,178.08
S123,Pinus radiata,PIRA_009,138,-37.756,178.08
S124,Sequoia sempervirens,SESE_001,619,38.057,-124.628
S124,Sequoia sempervirens,SESE_002,673,38.057,-124.628
S124,Sequoia sempervirens,SESE_003,594,38.057,-124.628
S124,Sequoia sempervirens,SESE_004,722,38.057,-124.628
S124,Sequoia sempervirens,SESE_005,639,38.057,-124.628
S124,Sequoia sempervirens,SESE_006,552,38.057,-124.628
S124,Sequoia sempervirens,SESE_007,648,38.057,-124.628
S124,Sequoia sempervirens,SESE_008,682,38.057,-124.628
S124,Sequoia sempervirens,SESE_009,671,38.057,-124.628
S124,Sequoia sempervirens,SESE_010,737,38.057,-124.628
S124,Sequoia sempervirens,SESE_011,529,38.057,-124.628
S124,Sequoia sempervirens,SESE_012,579,38.057,-124.628
S124,Sequoia sempervirens,SESE_013,703,38.057,-124.628
S124,Sequoia sempervirens,SESE_014,589,38.057,-124.628
S124,Sequoia sempervirens,SESE_015,670,38.057,-124.628
S124,Sequoia sempervirens,SESE_016,448,38.057,-124.628
S124,Sequoia sempervirens,SESE_017,876,38.057,-124.628
S124,Sequoia sempervirens,SESE_018,627,38.057,-124.628
S124,Sequoia sempervirens,SESE_019,749,38.057,-124.628
S125,Quercus alba,QUAL_001,222,38.863,-75.744
S125,Quercus alba,QUAL_002,259,38.863,-75.744
S125,Quercus alba,QUAL_003,238,38.863,-75.744
S125,Quercus alba,QUAL_004,233,38.863,-75.744
S125,Quercus alba,QUAL_005,229,38.863,-75.744
S125,Quercus alba,QUAL_006,197,38.863,-75.744
S125,Quercus alba,QUAL_007,252,38.863,-75.744
S125,Quercus alba,QUAL_008,211,38.863,-75.744
S125,Quercus alba,QUAL_009,204,38.863,-75.744
S125,Quercus alba,QUAL_010,250,38.863,-75.744
S125,Quercus alba,QUAL_011,248,38.863,-75.744
S125,Quercus alba,QUAL_012,231,38.863,-75.744
S125,Quercus alba,QUAL_013,255,38.863,-75.744
S125,Quercus alba,QUAL_014,263,38.863,-75.744
S125,Quercus alba,QUAL_015,260,38.863,-75.744
S125,Quercus alba,QUAL_016,217,38.863,-75.744
S125,Quercus alba,QUAL_017,253,38.863,-75.744
S125,Quercus alba,QUAL_018,234,38.863,-75.744
S125,Quercus alba,QUAL_019,270,38.863,-75.744
S126,Nothofagus pumilio,NOPU_001,185,-41.007,-69.794
S126,Nothofagus pumilio,NOPU_002,178,-41.007,-69.794
S126,Nothofagus pumilio,NOPU_003,182,-41.007,-69.794
S126,Nothofagus pumilio,NOPU_004,178,-41.007,-69.794
S126,Nothofagus pumilio,NOPU_005,159,-41.007,-69.794
S126,Nothofagus pumilio,NOPU_006,177,-41.007,-69.794
S126,Nothofagus pumilio,NOPU_007,183,-41.007,-69.794
S126,Nothofagus pumilio,NOPU_008,182,-41.007,-69.794
S126,Nothofagus pumilio,NOPU_009,189,-41.007,-69.794
S126,Nothofagus pumilio,NOPU_010,181,-41.007,-69.794
S126,Nothofagus pumilio,NOPU_011,175,-41.007,-69.794
S126,Nothofagus pumilio,NOPU_012,187,-41.007,-69.794
S126,Nothofagus pumilio,NOPU_013,169,-41.007,-69.794
S126,Nothofagus pumilio,NOPU_014,155,-41.007,-69.794
S126,Nothofagus pumilio,NOPU_015,167,-41.007,-69.794
S126,Nothofagus pumilio,NOPU_016,157,-41.007,-69.794
S126,Nothofagus pumilio,NOPU_017,158,-41.007,-69.794
S126,Nothofagus pumilio,NOPU_018,167,-41.007,-69.794
S127,Cedrus libani,CELI_001,339,34.818,35.763
S127,Cedrus libani,CELI_002,308,34.818,35.763
S127,Cedrus libani,CELI_003,330,34.818,35.763
S127,Cedrus libani,CELI_004,305,34.818,35.763
S127,Cedrus libani,CELI_005,299,34.818,35.763
S127,Cedrus libani,CELI_006,308,34.818,35.763
S127,Cedrus libani,CELI_007,286,34.818,35.763
S128,Nothofagus pumilio,NOPU_001,143,-41.77,-72.11
S128,Nothofagus pumilio,NOPU_002,167,-41.77,-72.11
S128,Nothofagus pumilio,NOPU_003,158,-41.77,-72.11
S128,Nothofagus pumilio,NOPU_004,153,-41.77,-72.11
S128,Nothofagus pumilio,NOPU_005,157,-41.77,-72.11
S128,Nothofagus pumilio,NOPU_006,184,-41.77,-72.11
